ผู้ใช้    : E1NPNWSL01                                                                                                                              การไฟฟ้าส่วนภูมิภาค                                                                                                                              วันที่   : 01.07.2026
ไคลเอนท์  : PED-400                                                                                    รายงานผลการเบิกจ่ายการจัดซื้อพัสดุประเภทต่างๆงบลงทุนที่ทำเป็นโครงการ (งบ P-ควบคุมงบประมาณโดยรวม) ประจำเดือน ธ.ค. ปี 2569                                                                      เวลา     : 09:25:19
โปรแกรม   : ZBUDR085                                                                                                                   เขต การไฟฟ้าเขตภาคตะวันออกเฉียงเหนือ 1 อุดรธานี                                                                                                               หน้าที่  : 1
--------------------------------------------------------------------------------------------------------------------------------------------------------------------------------------------------------------------------------------------------------------------------------------------------------------------------

--------------------------------------------------------------------------------------------------------------------------------------------------------------------------------------------------------------------------------------------------------------------------------------------------------------------------
|                  รายการ                  |           WBS            |    วงเงินงบประมาณ    | จ่ายจริงถึง 31 ธ.ค.  |  วงเงินคงเหลือยกมา/  | จ่ายจริงสะสม สิ้นสุด |    วงเงินคงเหลือ     |                                     อยู่ระหว่างดำเนินการ (คงเหลือ)                                     |    วงเงินคงเหลือ     |
|                                          |                          |                      |                      |                      |                      |                      |---------------------------------------------------------------------------------------------------------                      |
|                                          |                          |       ตั้งต้น        |         2568         | ที่ได้รับจัดสรรในปี  |     ณ ธ.ค. 2569      |                      |         IR         |         GR         | วงเงินผูกพันใน SAP |         PO         |         PR         |   ยังไม่ดำเนินการ    |
|                                          |                          |         (1)          |         (2)          |     (3)=(1)-(2)      |         (4)          |     (5)=(3)-(4)      |        (6)         |        (7)         |  (8)=(5)-(6)-(7)   |        (9)         |        (10)        |  (11)=(8)-(9)-(10)   |
--------------------------------------------------------------------------------------------------------------------------------------------------------------------------------------------------------------------------------------------------------------------------------------------------------------------------
|  1  | คฟก.                               |                          |                      |                      |                      |                      |                      |                    |                    |                    |                    |                    |                      |
|     | จัดซื้อพัสดุรองปี 2558             | P-RHE00.0-D-POP58.6000   |                0.00  |                0.00  |                0.00  |                0.00  |                0.00  |              0.00  |              0.00  |              0.00  |              0.00  |              0.00  |                0.00  |
|     |                                    | P-RHE00.0-D-ACT58.6000   |        3,003,891.70  |        3,003,891.70  |                0.00  |                0.00  |                0.00  |              0.00  |              0.00  |              0.00  |              0.00  |              0.00  |                0.00  |
--------------------------------------------------------------------------------------------------------------------------------------------------------------------------------------------------------------------------------------------------------------------------------------------------------------------------
|     | รวม จัดซื้อพัสดุรองปี 2558                                    |        3,003,891.70  |        3,003,891.70  |                0.00  |                0.00  |                0.00  |              0.00  |              0.00  |              0.00  |              0.00  |              0.00  |                0.00  |
--------------------------------------------------------------------------------------------------------------------------------------------------------------------------------------------------------------------------------------------------------------------------------------------------------------------------
|     | จัดซื้อพัสดุรองปี 2559             | P-RHE00.0-D-POP59.6000   |                0.00  |                0.00  |                0.00  |                0.00  |                0.00  |              0.00  |              0.00  |              0.00  |              0.00  |              0.00  |                0.00  |
|     |                                    | P-RHE00.0-D-ACT59.6000   |        2,959,347.00  |        2,959,347.00  |                0.00  |                0.00  |                0.00  |              0.00  |              0.00  |              0.00  |              0.00  |              0.00  |                0.00  |
--------------------------------------------------------------------------------------------------------------------------------------------------------------------------------------------------------------------------------------------------------------------------------------------------------------------------
|     | รวม จัดซื้อพัสดุรองปี 2559                                    |        2,959,347.00  |        2,959,347.00  |                0.00  |                0.00  |                0.00  |              0.00  |              0.00  |              0.00  |              0.00  |              0.00  |                0.00  |
--------------------------------------------------------------------------------------------------------------------------------------------------------------------------------------------------------------------------------------------------------------------------------------------------------------------------
|     | จัดซื้อพัสดุขาดแคลน                | P-RHE00.0-D-POPBG.1000   |                0.00  |                0.00  |                0.00  |                0.00  |                0.00  |              0.00  |              0.00  |              0.00  |              0.00  |              0.00  |                0.00  |
|     |                                    | P-RHE00.0-D-KKNXX.1000   |        1,694,990.00  |        1,694,990.00  |                0.00  |                0.00  |                0.00  |              0.00  |              0.00  |              0.00  |              0.00  |              0.00  |                0.00  |
--------------------------------------------------------------------------------------------------------------------------------------------------------------------------------------------------------------------------------------------------------------------------------------------------------------------------
|     | รวม จัดซื้อพัสดุขาดแคลน                                       |        1,694,990.00  |        1,694,990.00  |                0.00  |                0.00  |                0.00  |              0.00  |              0.00  |              0.00  |              0.00  |              0.00  |                0.00  |
--------------------------------------------------------------------------------------------------------------------------------------------------------------------------------------------------------------------------------------------------------------------------------------------------------------------------
|     | จัดซื้อผลิตภัณฑ์คอนกรีต            | P-RHE00.0-D-POPBG.2000   |                0.00  |                0.00  |                0.00  |                0.00  |                0.00  |              0.00  |              0.00  |              0.00  |              0.00  |              0.00  |                0.00  |
|     |                                    | P-RHE00.0-D-UDNXX.2000   |          164,710.00  |          164,710.00  |                0.00  |                0.00  |                0.00  |              0.00  |              0.00  |              0.00  |              0.00  |              0.00  |                0.00  |
|     |                                    | P-RHE00.0-D-UD2XX.2000   |          318,781.00  |          318,781.00  |                0.00  |                0.00  |                0.00  |              0.00  |              0.00  |              0.00  |              0.00  |              0.00  |                0.00  |
|     |                                    | P-RHE00.0-D-NKYXX.2000   |        1,028,883.00  |        1,028,883.00  |                0.00  |                0.00  |                0.00  |              0.00  |              0.00  |              0.00  |              0.00  |              0.00  |                0.00  |
|     |                                    | P-RHE00.0-D-KKNXX.2000   |          116,970.00  |          116,970.00  |                0.00  |                0.00  |                0.00  |              0.00  |              0.00  |              0.00  |              0.00  |              0.00  |                0.00  |
|     |                                    | P-RHE00.0-D-KK2XX.2000   |          186,150.00  |          186,150.00  |                0.00  |                0.00  |                0.00  |              0.00  |              0.00  |              0.00  |              0.00  |              0.00  |                0.00  |
|     |                                    | P-RHE00.0-D-LOEXX.2000   |        1,128,868.00  |        1,128,868.00  |                0.00  |                0.00  |                0.00  |              0.00  |              0.00  |              0.00  |              0.00  |              0.00  |                0.00  |
|     |                                    | P-RHE00.0-D-SKKXX.2000   |        1,685,631.00  |        1,685,631.00  |                0.00  |                0.00  |                0.00  |              0.00  |              0.00  |              0.00  |              0.00  |              0.00  |                0.00  |
|     |                                    | P-RHE00.0-D-NPNXX.2000   |        1,193,865.00  |        1,193,865.00  |                0.00  |                0.00  |                0.00  |              0.00  |              0.00  |              0.00  |              0.00  |              0.00  |                0.00  |
|     |                                    | P-RHE00.0-D-CMPXX.2000   |          144,552.00  |          144,552.00  |                0.00  |                0.00  |                0.00  |              0.00  |              0.00  |              0.00  |              0.00  |              0.00  |                0.00  |
|     |                                    | P-RHE00.0-D-KWPXX.2000   |           74,559.00  |           74,559.00  |                0.00  |                0.00  |                0.00  |              0.00  |              0.00  |              0.00  |              0.00  |              0.00  |                0.00  |
|     |                                    | P-RHE00.0-D-NHNXX.2000   |          961,209.00  |          961,209.00  |                0.00  |                0.00  |                0.00  |              0.00  |              0.00  |              0.00  |              0.00  |              0.00  |                0.00  |
|     |                                    | P-RHE00.0-D-PKNXX.2000   |        1,324,980.00  |        1,324,980.00  |                0.00  |                0.00  |                0.00  |              0.00  |              0.00  |              0.00  |              0.00  |              0.00  |                0.00  |
|     |                                    | P-RHE00.0-D-NBPXX.2000   |          161,650.00  |          161,650.00  |                0.00  |                0.00  |                0.00  |              0.00  |              0.00  |              0.00  |              0.00  |              0.00  |                0.00  |
|     |                                    | P-RHE00.0-D-BPIXX.2000   |          432,825.00  |          432,825.00  |                0.00  |                0.00  |                0.00  |              0.00  |              0.00  |              0.00  |              0.00  |              0.00  |                0.00  |
|     |                                    | P-RHE00.0-D-BKAXX.2000   |          744,170.00  |          744,170.00  |                0.00  |                0.00  |                0.00  |              0.00  |              0.00  |              0.00  |              0.00  |              0.00  |                0.00  |
--------------------------------------------------------------------------------------------------------------------------------------------------------------------------------------------------------------------------------------------------------------------------------------------------------------------------
|     | รวม จัดซื้อผลิตภัณฑ์คอนกรีต                                   |        9,667,803.00  |        9,667,803.00  |                0.00  |                0.00  |                0.00  |              0.00  |              0.00  |              0.00  |              0.00  |              0.00  |                0.00  |
--------------------------------------------------------------------------------------------------------------------------------------------------------------------------------------------------------------------------------------------------------------------------------------------------------------------------
|     | รวม คฟก.                                                      |       17,326,031.70  |       17,326,031.70  |                0.00  |                0.00  |                0.00  |              0.00  |              0.00  |              0.00  |              0.00  |              0.00  |                0.00  |
--------------------------------------------------------------------------------------------------------------------------------------------------------------------------------------------------------------------------------------------------------------------------------------------------------------------------
|  2  | คขก.2                              |                          |                      |                      |                      |                      |                      |                    |                    |                    |                    |                    |                      |
|     | จัดซื้อพัสดุรองปี 2559             | P-AEP02.0-D-POP59.6000   |                0.00  |                0.00  |                0.00  |                0.00  |                0.00  |              0.00  |              0.00  |              0.00  |              0.00  |              0.00  |                0.00  |
|     |                                    | P-AEP02.0-D-ACT59.6000   |        4,297,715.30  |        4,297,715.30  |                0.00  |                0.00  |                0.00  |              0.00  |              0.00  |              0.00  |              0.00  |              0.00  |                0.00  |
--------------------------------------------------------------------------------------------------------------------------------------------------------------------------------------------------------------------------------------------------------------------------------------------------------------------------
|     | รวม จัดซื้อพัสดุรองปี 2559                                    |        4,297,715.30  |        4,297,715.30  |                0.00  |                0.00  |                0.00  |              0.00  |              0.00  |              0.00  |              0.00  |              0.00  |                0.00  |
--------------------------------------------------------------------------------------------------------------------------------------------------------------------------------------------------------------------------------------------------------------------------------------------------------------------------
|     | จัดซื้อพัสดุรองปี 2560             | P-AEP02.0-D-POP60.6000   |                0.00  |                0.00  |                0.00  |                0.00  |                0.00  |              0.00  |              0.00  |              0.00  |              0.00  |              0.00  |                0.00  |
|     |                                    | P-AEP02.0-D-ACT60.6000   |        2,991,907.15  |        2,991,907.15  |                0.00  |                0.00  |                0.00  |              0.00  |              0.00  |              0.00  |              0.00  |              0.00  |                0.00  |
--------------------------------------------------------------------------------------------------------------------------------------------------------------------------------------------------------------------------------------------------------------------------------------------------------------------------
|     | รวม จัดซื้อพัสดุรองปี 2560                                    |        2,991,907.15  |        2,991,907.15  |                0.00  |                0.00  |                0.00  |              0.00  |              0.00  |              0.00  |              0.00  |              0.00  |                0.00  |
--------------------------------------------------------------------------------------------------------------------------------------------------------------------------------------------------------------------------------------------------------------------------------------------------------------------------
|     | จัดซื้อพัสดุรองปี 2561             | P-AEP02.0-D-POP61.6000   |                0.00  |                0.00  |                0.00  |                0.00  |                0.00  |              0.00  |              0.00  |              0.00  |              0.00  |              0.00  |                0.00  |
|     |                                    | P-AEP02.0-D-ACT61.6000   |        2,019,041.85  |        2,019,041.85  |                0.00  |                0.00  |                0.00  |              0.00  |              0.00  |              0.00  |              0.00  |              0.00  |                0.00  |
--------------------------------------------------------------------------------------------------------------------------------------------------------------------------------------------------------------------------------------------------------------------------------------------------------------------------
|     | รวม จัดซื้อพัสดุรองปี 2561                                    |        2,019,041.85  |        2,019,041.85  |                0.00  |                0.00  |                0.00  |              0.00  |              0.00  |              0.00  |              0.00  |              0.00  |                0.00  |
--------------------------------------------------------------------------------------------------------------------------------------------------------------------------------------------------------------------------------------------------------------------------------------------------------------------------
|     | จัดซื้อพัสดุรอง ปี 2562            | P-AEP02.0-D-POP62.6000   |                0.00  |                0.00  |                0.00  |                0.00  |                0.00  |              0.00  |              0.00  |              0.00  |              0.00  |              0.00  |                0.00  |
ผู้ใช้    : E1NPNWSL01                                                                                                                              การไฟฟ้าส่วนภูมิภาค                                                                                                                              วันที่   : 01.07.2026
ไคลเอนท์  : PED-400                                                                                    รายงานผลการเบิกจ่ายการจัดซื้อพัสดุประเภทต่างๆงบลงทุนที่ทำเป็นโครงการ (งบ P-ควบคุมงบประมาณโดยรวม) ประจำเดือน ธ.ค. ปี 2569                                                                      เวลา     : 09:25:19
โปรแกรม   : ZBUDR085                                                                                                                   เขต การไฟฟ้าเขตภาคตะวันออกเฉียงเหนือ 1 อุดรธานี                                                                                                               หน้าที่  : 2
--------------------------------------------------------------------------------------------------------------------------------------------------------------------------------------------------------------------------------------------------------------------------------------------------------------------------

--------------------------------------------------------------------------------------------------------------------------------------------------------------------------------------------------------------------------------------------------------------------------------------------------------------------------
|                  รายการ                  |           WBS            |    วงเงินงบประมาณ    | จ่ายจริงถึง 31 ธ.ค.  |  วงเงินคงเหลือยกมา/  | จ่ายจริงสะสม สิ้นสุด |    วงเงินคงเหลือ     |                                     อยู่ระหว่างดำเนินการ (คงเหลือ)                                     |    วงเงินคงเหลือ     |
|                                          |                          |                      |                      |                      |                      |                      |---------------------------------------------------------------------------------------------------------                      |
|                                          |                          |       ตั้งต้น        |         2568         | ที่ได้รับจัดสรรในปี  |     ณ ธ.ค. 2569      |                      |         IR         |         GR         | วงเงินผูกพันใน SAP |         PO         |         PR         |   ยังไม่ดำเนินการ    |
|                                          |                          |         (1)          |         (2)          |     (3)=(1)-(2)      |         (4)          |     (5)=(3)-(4)      |        (6)         |        (7)         |  (8)=(5)-(6)-(7)   |        (9)         |        (10)        |  (11)=(8)-(9)-(10)   |
--------------------------------------------------------------------------------------------------------------------------------------------------------------------------------------------------------------------------------------------------------------------------------------------------------------------------
|     |                                    | P-AEP02.0-D-ACT62.6000   |        2,403,563.75  |        2,403,563.75  |                0.00  |                0.00  |                0.00  |              0.00  |              0.00  |              0.00  |              0.00  |              0.00  |                0.00  |
--------------------------------------------------------------------------------------------------------------------------------------------------------------------------------------------------------------------------------------------------------------------------------------------------------------------------
|     | รวม จัดซื้อพัสดุรอง ปี 2562                                   |        2,403,563.75  |        2,403,563.75  |                0.00  |                0.00  |                0.00  |              0.00  |              0.00  |              0.00  |              0.00  |              0.00  |                0.00  |
--------------------------------------------------------------------------------------------------------------------------------------------------------------------------------------------------------------------------------------------------------------------------------------------------------------------------
|     | จัดซื้อพัสดุรอง ปี 2563            | P-AEP02.0-D-POP63.6000   |                0.00  |                0.00  |                0.00  |                0.00  |                0.00  |              0.00  |              0.00  |              0.00  |              0.00  |              0.00  |                0.00  |
|     |                                    | P-AEP02.0-D-ACT63.6000   |        3,620,440.80  |        3,620,440.80  |                0.00  |                0.00  |                0.00  |              0.00  |              0.00  |              0.00  |              0.00  |              0.00  |                0.00  |
--------------------------------------------------------------------------------------------------------------------------------------------------------------------------------------------------------------------------------------------------------------------------------------------------------------------------
|     | รวม จัดซื้อพัสดุรอง ปี 2563                                   |        3,620,440.80  |        3,620,440.80  |                0.00  |                0.00  |                0.00  |              0.00  |              0.00  |              0.00  |              0.00  |              0.00  |                0.00  |
--------------------------------------------------------------------------------------------------------------------------------------------------------------------------------------------------------------------------------------------------------------------------------------------------------------------------
|     | จัดซื้อพัสดุขาดแคลน                | P-AEP02.0-D-POPBG.1000   |                0.00  |                0.00  |                0.00  |                0.00  |                0.00  |              0.00  |              0.00  |              0.00  |              0.00  |              0.00  |                0.00  |
|     |                                    | P-AEP02.0-D-UDNXX.1000   |        2,532,690.00  |        2,532,690.00  |                0.00  |                0.00  |                0.00  |              0.00  |              0.00  |              0.00  |              0.00  |              0.00  |                0.00  |
|     |                                    | P-AEP02.0-D-UD2XX.1000   |          464,200.00  |          464,200.00  |                0.00  |                0.00  |                0.00  |              0.00  |              0.00  |              0.00  |              0.00  |              0.00  |                0.00  |
|     |                                    | P-AEP02.0-D-NKYXX.1000   |        2,359,770.00  |        2,359,770.00  |                0.00  |                0.00  |                0.00  |              0.00  |              0.00  |              0.00  |              0.00  |              0.00  |                0.00  |
|     |                                    | P-AEP02.0-D-KKNXX.1000   |        2,433,875.00  |        2,433,875.00  |                0.00  |                0.00  |                0.00  |              0.00  |              0.00  |              0.00  |              0.00  |              0.00  |                0.00  |
|     |                                    | P-AEP02.0-D-KK2XX.1000   |        2,149,095.00  |        2,149,095.00  |                0.00  |                0.00  |                0.00  |              0.00  |              0.00  |              0.00  |              0.00  |              0.00  |                0.00  |
|     |                                    | P-AEP02.0-D-LOEXX.1000   |        1,958,941.60  |        1,958,941.60  |                0.00  |                0.00  |                0.00  |              0.00  |              0.00  |              0.00  |              0.00  |              0.00  |                0.00  |
|     |                                    | P-AEP02.0-D-SKKXX.1000   |        3,533,509.00  |        3,533,509.00  |                0.00  |                0.00  |                0.00  |              0.00  |              0.00  |              0.00  |              0.00  |              0.00  |                0.00  |
|     |                                    | P-AEP02.0-D-NPNXX.1000   |        4,084,114.00  |        4,084,114.00  |                0.00  |                0.00  |                0.00  |              0.00  |              0.00  |              0.00  |              0.00  |              0.00  |                0.00  |
|     |                                    | P-AEP02.0-D-CMPXX.1000   |        2,636,870.00  |        2,636,870.00  |                0.00  |                0.00  |                0.00  |              0.00  |              0.00  |              0.00  |              0.00  |              0.00  |                0.00  |
|     |                                    | P-AEP02.0-D-KWPXX.1000   |          679,540.00  |          679,540.00  |                0.00  |                0.00  |                0.00  |              0.00  |              0.00  |              0.00  |              0.00  |              0.00  |                0.00  |
|     |                                    | P-AEP02.0-D-NHNXX.1000   |        1,001,510.00  |        1,001,510.00  |                0.00  |                0.00  |                0.00  |              0.00  |              0.00  |              0.00  |              0.00  |              0.00  |                0.00  |
|     |                                    | P-AEP02.0-D-PKNXX.1000   |        2,935,680.00  |        2,935,680.00  |                0.00  |                0.00  |                0.00  |              0.00  |              0.00  |              0.00  |              0.00  |              0.00  |                0.00  |
|     |                                    | P-AEP02.0-D-NBPXX.1000   |        2,506,010.00  |        2,506,010.00  |                0.00  |                0.00  |                0.00  |              0.00  |              0.00  |              0.00  |              0.00  |              0.00  |                0.00  |
|     |                                    | P-AEP02.0-D-BPIXX.1000   |        2,109,750.00  |        2,109,750.00  |                0.00  |                0.00  |                0.00  |              0.00  |              0.00  |              0.00  |              0.00  |              0.00  |                0.00  |
|     |                                    | P-AEP02.0-D-BKAXX.1000   |        1,596,235.00  |        1,596,235.00  |                0.00  |                0.00  |                0.00  |              0.00  |              0.00  |              0.00  |              0.00  |              0.00  |                0.00  |
|     |                                    | P-AEP02.0-D-SDDXX.1000   |        1,386,200.00  |        1,386,200.00  |                0.00  |                0.00  |                0.00  |              0.00  |              0.00  |              0.00  |              0.00  |              0.00  |                0.00  |
--------------------------------------------------------------------------------------------------------------------------------------------------------------------------------------------------------------------------------------------------------------------------------------------------------------------------
|     | รวม จัดซื้อพัสดุขาดแคลน                                       |       34,367,989.60  |       34,367,989.60  |                0.00  |                0.00  |                0.00  |              0.00  |              0.00  |              0.00  |              0.00  |              0.00  |                0.00  |
--------------------------------------------------------------------------------------------------------------------------------------------------------------------------------------------------------------------------------------------------------------------------------------------------------------------------
|     | จัดซื้อผลิตภัณฑ์คอนกรีต            | P-AEP02.0-D-POPBG.2000   |                0.00  |                0.00  |                0.00  |                0.00  |                0.00  |              0.00  |              0.00  |              0.00  |              0.00  |              0.00  |                0.00  |
|     |                                    | P-AEP02.0-D-UDNXX.2000   |        4,163,535.00  |        4,163,535.00  |                0.00  |                0.00  |                0.00  |              0.00  |              0.00  |              0.00  |              0.00  |              0.00  |                0.00  |
|     |                                    | P-AEP02.0-D-KKNXX.2000   |        2,741,637.00  |        2,741,637.00  |                0.00  |                0.00  |                0.00  |              0.00  |              0.00  |              0.00  |              0.00  |              0.00  |                0.00  |
|     |                                    | P-AEP02.0-D-LOEXX.2000   |        3,110,422.00  |        3,110,422.00  |                0.00  |                0.00  |                0.00  |              0.00  |              0.00  |              0.00  |              0.00  |              0.00  |                0.00  |
|     |                                    | P-AEP02.0-D-NPNXX.2000   |        5,306,070.00  |        5,306,070.00  |                0.00  |                0.00  |                0.00  |              0.00  |              0.00  |              0.00  |              0.00  |              0.00  |                0.00  |
|     |                                    | P-AEP02.0-D-NHNXX.2000   |        2,435,399.00  |        2,435,399.00  |                0.00  |                0.00  |                0.00  |              0.00  |              0.00  |              0.00  |              0.00  |              0.00  |                0.00  |
|     |                                    | P-AEP02.0-D-PKNXX.2000   |        5,290,949.00  |        5,290,949.00  |                0.00  |                0.00  |                0.00  |              0.00  |              0.00  |              0.00  |              0.00  |              0.00  |                0.00  |
|     |                                    | P-AEP02.0-D-KK2XX.2000   |        2,376,589.00  |        2,376,589.00  |                0.00  |                0.00  |                0.00  |              0.00  |              0.00  |              0.00  |              0.00  |              0.00  |                0.00  |
|     |                                    | P-AEP02.0-D-ACTXX.2000   |        8,462,992.36  |        8,462,992.36  |                0.00  |                0.00  |                0.00  |              0.00  |              0.00  |              0.00  |              0.00  |              0.00  |                0.00  |
|     |                                    | P-AEP02.0-D-UD2XX.2000   |        1,634,311.00  |        1,634,311.00  |                0.00  |                0.00  |                0.00  |              0.00  |              0.00  |              0.00  |              0.00  |              0.00  |                0.00  |
|     |                                    | P-AEP02.0-D-NKYXX.2000   |        3,824,197.50  |        3,824,197.50  |                0.00  |                0.00  |                0.00  |              0.00  |              0.00  |              0.00  |              0.00  |              0.00  |                0.00  |
|     |                                    | P-AEP02.0-D-SKKXX.2000   |        4,463,326.00  |        4,463,326.00  |                0.00  |                0.00  |                0.00  |              0.00  |              0.00  |              0.00  |              0.00  |              0.00  |                0.00  |
|     |                                    | P-AEP02.0-D-CMPXX.2000   |        3,493,118.00  |        3,493,118.00  |                0.00  |                0.00  |                0.00  |              0.00  |              0.00  |              0.00  |              0.00  |              0.00  |                0.00  |
|     |                                    | P-AEP02.0-D-KWPXX.2000   |        2,020,593.00  |        2,020,593.00  |                0.00  |                0.00  |                0.00  |              0.00  |              0.00  |              0.00  |              0.00  |              0.00  |                0.00  |
|     |                                    | P-AEP02.0-D-NBPXX.2000   |        3,105,904.00  |        3,105,904.00  |                0.00  |                0.00  |                0.00  |              0.00  |              0.00  |              0.00  |              0.00  |              0.00  |                0.00  |
|     |                                    | P-AEP02.0-D-BPIXX.2000   |        3,789,199.00  |        3,789,199.00  |                0.00  |                0.00  |                0.00  |              0.00  |              0.00  |              0.00  |              0.00  |              0.00  |                0.00  |
|     |                                    | P-AEP02.0-D-BKAXX.2000   |        3,144,414.00  |        3,144,414.00  |                0.00  |                0.00  |                0.00  |              0.00  |              0.00  |              0.00  |              0.00  |              0.00  |                0.00  |
|     |                                    | P-AEP02.0-D-SDDXX.2000   |        1,579,925.00  |        1,579,925.00  |                0.00  |                0.00  |                0.00  |              0.00  |              0.00  |              0.00  |              0.00  |              0.00  |                0.00  |
--------------------------------------------------------------------------------------------------------------------------------------------------------------------------------------------------------------------------------------------------------------------------------------------------------------------------
|     | รวม จัดซื้อผลิตภัณฑ์คอนกรีต                                   |       60,942,580.86  |       60,942,580.86  |                0.00  |                0.00  |                0.00  |              0.00  |              0.00  |              0.00  |              0.00  |              0.00  |                0.00  |
--------------------------------------------------------------------------------------------------------------------------------------------------------------------------------------------------------------------------------------------------------------------------------------------------------------------------
|     | รวม คขก.2                                                     |      110,643,239.31  |      110,643,239.31  |                0.00  |                0.00  |                0.00  |              0.00  |              0.00  |              0.00  |              0.00  |              0.00  |                0.00  |
--------------------------------------------------------------------------------------------------------------------------------------------------------------------------------------------------------------------------------------------------------------------------------------------------------------------------
|  3  | คพพ.1                              |                          |                      |                      |                      |                      |                      |                    |                    |                    |                    |                    |                      |
|     | จัดซื้อพัสดุรอง ปี 2559            | P-SEZ01.0-D-POP59.6000   |                0.00  |                0.00  |                0.00  |                0.00  |                0.00  |              0.00  |              0.00  |              0.00  |              0.00  |              0.00  |                0.00  |
ผู้ใช้    : E1NPNWSL01                                                                                                                              การไฟฟ้าส่วนภูมิภาค                                                                                                                              วันที่   : 01.07.2026
ไคลเอนท์  : PED-400                                                                                    รายงานผลการเบิกจ่ายการจัดซื้อพัสดุประเภทต่างๆงบลงทุนที่ทำเป็นโครงการ (งบ P-ควบคุมงบประมาณโดยรวม) ประจำเดือน ธ.ค. ปี 2569                                                                      เวลา     : 09:25:19
โปรแกรม   : ZBUDR085                                                                                                                   เขต การไฟฟ้าเขตภาคตะวันออกเฉียงเหนือ 1 อุดรธานี                                                                                                               หน้าที่  : 3
--------------------------------------------------------------------------------------------------------------------------------------------------------------------------------------------------------------------------------------------------------------------------------------------------------------------------

--------------------------------------------------------------------------------------------------------------------------------------------------------------------------------------------------------------------------------------------------------------------------------------------------------------------------
|                  รายการ                  |           WBS            |    วงเงินงบประมาณ    | จ่ายจริงถึง 31 ธ.ค.  |  วงเงินคงเหลือยกมา/  | จ่ายจริงสะสม สิ้นสุด |    วงเงินคงเหลือ     |                                     อยู่ระหว่างดำเนินการ (คงเหลือ)                                     |    วงเงินคงเหลือ     |
|                                          |                          |                      |                      |                      |                      |                      |---------------------------------------------------------------------------------------------------------                      |
|                                          |                          |       ตั้งต้น        |         2568         | ที่ได้รับจัดสรรในปี  |     ณ ธ.ค. 2569      |                      |         IR         |         GR         | วงเงินผูกพันใน SAP |         PO         |         PR         |   ยังไม่ดำเนินการ    |
|                                          |                          |         (1)          |         (2)          |     (3)=(1)-(2)      |         (4)          |     (5)=(3)-(4)      |        (6)         |        (7)         |  (8)=(5)-(6)-(7)   |        (9)         |        (10)        |  (11)=(8)-(9)-(10)   |
--------------------------------------------------------------------------------------------------------------------------------------------------------------------------------------------------------------------------------------------------------------------------------------------------------------------------
|     |                                    | P-SEZ01.0-D-ACT59.6000   |        1,531,257.50  |        1,531,257.50  |                0.00  |                0.00  |                0.00  |              0.00  |              0.00  |              0.00  |              0.00  |              0.00  |                0.00  |
--------------------------------------------------------------------------------------------------------------------------------------------------------------------------------------------------------------------------------------------------------------------------------------------------------------------------
|     | รวม จัดซื้อพัสดุรอง ปี 2559                                   |        1,531,257.50  |        1,531,257.50  |                0.00  |                0.00  |                0.00  |              0.00  |              0.00  |              0.00  |              0.00  |              0.00  |                0.00  |
--------------------------------------------------------------------------------------------------------------------------------------------------------------------------------------------------------------------------------------------------------------------------------------------------------------------------
|     | จัดซื้อพัสดุรอง ปี 2560            | P-SEZ01.0-D-POP60.6000   |                0.00  |                0.00  |                0.00  |                0.00  |                0.00  |              0.00  |              0.00  |              0.00  |              0.00  |              0.00  |                0.00  |
|     |                                    | P-SEZ01.0-D-ACT60.6000   |        3,935,519.20  |        3,935,519.20  |                0.00  |                0.00  |                0.00  |              0.00  |              0.00  |              0.00  |              0.00  |              0.00  |                0.00  |
--------------------------------------------------------------------------------------------------------------------------------------------------------------------------------------------------------------------------------------------------------------------------------------------------------------------------
|     | รวม จัดซื้อพัสดุรอง ปี 2560                                   |        3,935,519.20  |        3,935,519.20  |                0.00  |                0.00  |                0.00  |              0.00  |              0.00  |              0.00  |              0.00  |              0.00  |                0.00  |
--------------------------------------------------------------------------------------------------------------------------------------------------------------------------------------------------------------------------------------------------------------------------------------------------------------------------
|     | จัดหาผลิตภัณฑ์คอนกรีต              | P-SEZ01.0-D-POPBG.2000   |                0.00  |                0.00  |                0.00  |                0.00  |                0.00  |              0.00  |              0.00  |              0.00  |              0.00  |              0.00  |                0.00  |
|     |                                    | P-SEZ01.0-D-NKYXX.2000   |        4,743,394.00  |        4,743,394.00  |                0.00  |                0.00  |                0.00  |              0.00  |              0.00  |              0.00  |              0.00  |              0.00  |                0.00  |
|     |                                    | P-SEZ01.0-D-ACTXX.2000   |       15,915,449.40  |       15,915,449.40  |                0.00  |                0.00  |                0.00  |              0.00  |              0.00  |              0.00  |              0.00  |              0.00  |                0.00  |
--------------------------------------------------------------------------------------------------------------------------------------------------------------------------------------------------------------------------------------------------------------------------------------------------------------------------
|     | รวม จัดหาผลิตภัณฑ์คอนกรีต                                     |       20,658,843.40  |       20,658,843.40  |                0.00  |                0.00  |                0.00  |              0.00  |              0.00  |              0.00  |              0.00  |              0.00  |                0.00  |
--------------------------------------------------------------------------------------------------------------------------------------------------------------------------------------------------------------------------------------------------------------------------------------------------------------------------
|     | รวม คพพ.1                                                     |       26,125,620.10  |       26,125,620.10  |                0.00  |                0.00  |                0.00  |              0.00  |              0.00  |              0.00  |              0.00  |              0.00  |                0.00  |
--------------------------------------------------------------------------------------------------------------------------------------------------------------------------------------------------------------------------------------------------------------------------------------------------------------------------
|  4  | คพจ.1                              |                          |                      |                      |                      |                      |                      |                    |                    |                    |                    |                    |                      |
|     | จัดซื้อพัสดุรองปี 2559             | P-TDD01.0-D-POP59.6000   |                0.00  |                0.00  |                0.00  |                0.00  |                0.00  |              0.00  |              0.00  |              0.00  |              0.00  |              0.00  |                0.00  |
|     |                                    | P-TDD01.0-D-ACT59.6000   |        8,111,481.00  |        8,111,481.00  |                0.00  |                0.00  |                0.00  |              0.00  |              0.00  |              0.00  |              0.00  |              0.00  |                0.00  |
--------------------------------------------------------------------------------------------------------------------------------------------------------------------------------------------------------------------------------------------------------------------------------------------------------------------------
|     | รวม จัดซื้อพัสดุรองปี 2559                                    |        8,111,481.00  |        8,111,481.00  |                0.00  |                0.00  |                0.00  |              0.00  |              0.00  |              0.00  |              0.00  |              0.00  |                0.00  |
--------------------------------------------------------------------------------------------------------------------------------------------------------------------------------------------------------------------------------------------------------------------------------------------------------------------------
|     | จัดซื้อพัสดุรองปี 2560             | P-TDD01.0-D-POP60.6000   |                0.00  |                0.00  |                0.00  |                0.00  |                0.00  |              0.00  |              0.00  |              0.00  |              0.00  |              0.00  |                0.00  |
|     |                                    | P-TDD01.0-D-ACT60.6000   |       11,488,396.00  |       11,488,396.00  |                0.00  |                0.00  |                0.00  |              0.00  |              0.00  |              0.00  |              0.00  |              0.00  |                0.00  |
--------------------------------------------------------------------------------------------------------------------------------------------------------------------------------------------------------------------------------------------------------------------------------------------------------------------------
|     | รวม จัดซื้อพัสดุรองปี 2560                                    |       11,488,396.00  |       11,488,396.00  |                0.00  |                0.00  |                0.00  |              0.00  |              0.00  |              0.00  |              0.00  |              0.00  |                0.00  |
--------------------------------------------------------------------------------------------------------------------------------------------------------------------------------------------------------------------------------------------------------------------------------------------------------------------------
|     | จัดซื้อผลิตภัณฑ์คอนกรีต            | P-TDD01.0-D-POPBG.2000   |                0.00  |                0.00  |                0.00  |                0.00  |                0.00  |              0.00  |              0.00  |              0.00  |              0.00  |              0.00  |                0.00  |
|     |                                    | P-TDD01.0-D-UDNXX.2000   |          685,000.00  |          685,000.00  |                0.00  |                0.00  |                0.00  |              0.00  |              0.00  |              0.00  |              0.00  |              0.00  |                0.00  |
|     |                                    | P-TDD01.0-D-NKYXX.2000   |          728,000.00  |          728,000.00  |                0.00  |                0.00  |                0.00  |              0.00  |              0.00  |              0.00  |              0.00  |              0.00  |                0.00  |
|     |                                    | P-TDD01.0-D-KKNXX.2000   |          475,705.00  |          475,705.00  |                0.00  |                0.00  |                0.00  |              0.00  |              0.00  |              0.00  |              0.00  |              0.00  |                0.00  |
|     |                                    | P-TDD01.0-D-LOEXX.2000   |        1,033,530.00  |        1,033,530.00  |                0.00  |                0.00  |                0.00  |              0.00  |              0.00  |              0.00  |              0.00  |              0.00  |                0.00  |
|     |                                    | P-TDD01.0-D-SKKXX.2000   |          836,310.00  |          836,310.00  |                0.00  |                0.00  |                0.00  |              0.00  |              0.00  |              0.00  |              0.00  |              0.00  |                0.00  |
|     |                                    | P-TDD01.0-D-NPNXX.2000   |          696,290.00  |          696,290.00  |                0.00  |                0.00  |                0.00  |              0.00  |              0.00  |              0.00  |              0.00  |              0.00  |                0.00  |
|     |                                    | P-TDD01.0-D-CMPXX.2000   |          763,105.00  |          763,105.00  |                0.00  |                0.00  |                0.00  |              0.00  |              0.00  |              0.00  |              0.00  |              0.00  |                0.00  |
|     |                                    | P-TDD01.0-D-KWPXX.2000   |          712,830.00  |          712,830.00  |                0.00  |                0.00  |                0.00  |              0.00  |              0.00  |              0.00  |              0.00  |              0.00  |                0.00  |
|     |                                    | P-TDD01.0-D-NHNXX.2000   |          800,690.00  |          800,690.00  |                0.00  |                0.00  |                0.00  |              0.00  |              0.00  |              0.00  |              0.00  |              0.00  |                0.00  |
|     |                                    | P-TDD01.0-D-PKNXX.2000   |          793,380.00  |          793,380.00  |                0.00  |                0.00  |                0.00  |              0.00  |              0.00  |              0.00  |              0.00  |              0.00  |                0.00  |
|     |                                    | P-TDD01.0-D-NBPXX.2000   |          770,200.00  |          770,200.00  |                0.00  |                0.00  |                0.00  |              0.00  |              0.00  |              0.00  |              0.00  |              0.00  |                0.00  |
|     |                                    | P-TDD01.0-D-BPIXX.2000   |        1,142,475.00  |        1,142,475.00  |                0.00  |                0.00  |                0.00  |              0.00  |              0.00  |              0.00  |              0.00  |              0.00  |                0.00  |
|     |                                    | P-TDD01.0-D-BKAXX.2000   |          873,355.00  |          873,355.00  |                0.00  |                0.00  |                0.00  |              0.00  |              0.00  |              0.00  |              0.00  |              0.00  |                0.00  |
|     |                                    | P-TDD01.0-D-ACTXX.2000   |       38,633,022.50  |       38,633,022.50  |                0.00  |                0.00  |                0.00  |              0.00  |              0.00  |              0.00  |              0.00  |              0.00  |                0.00  |
|     |                                    | P-TDD01.0-D-KK2XX.2000   |          754,115.00  |          754,115.00  |                0.00  |                0.00  |                0.00  |              0.00  |              0.00  |              0.00  |              0.00  |              0.00  |                0.00  |
|     |                                    | P-TDD01.0-D-UD2XX.2000   |          745,535.00  |          745,535.00  |                0.00  |                0.00  |                0.00  |              0.00  |              0.00  |              0.00  |              0.00  |              0.00  |                0.00  |
--------------------------------------------------------------------------------------------------------------------------------------------------------------------------------------------------------------------------------------------------------------------------------------------------------------------------
|     | รวม จัดซื้อผลิตภัณฑ์คอนกรีต                                   |       50,443,542.50  |       50,443,542.50  |                0.00  |                0.00  |                0.00  |              0.00  |              0.00  |              0.00  |              0.00  |              0.00  |                0.00  |
--------------------------------------------------------------------------------------------------------------------------------------------------------------------------------------------------------------------------------------------------------------------------------------------------------------------------
|     | รวม คพจ.1                                                     |       70,043,419.50  |       70,043,419.50  |                0.00  |                0.00  |                0.00  |              0.00  |              0.00  |              0.00  |              0.00  |              0.00  |                0.00  |
--------------------------------------------------------------------------------------------------------------------------------------------------------------------------------------------------------------------------------------------------------------------------------------------------------------------------
|  5  | คพพ.2                              |                          |                      |                      |                      |                      |                      |                    |                    |                    |                    |                    |                      |
|     | จัดซื้อพัสดุรอง ปี 2560            | P-SEZ02.0-D-POP60.6000   |                0.00  |                0.00  |                0.00  |                0.00  |                0.00  |              0.00  |              0.00  |              0.00  |              0.00  |              0.00  |                0.00  |
|     |                                    | P-SEZ02.0-D-ACT60.6000   |        2,770,997.60  |        2,770,997.60  |                0.00  |                0.00  |                0.00  |              0.00  |              0.00  |              0.00  |              0.00  |              0.00  |                0.00  |
--------------------------------------------------------------------------------------------------------------------------------------------------------------------------------------------------------------------------------------------------------------------------------------------------------------------------
ผู้ใช้    : E1NPNWSL01                                                                                                                              การไฟฟ้าส่วนภูมิภาค                                                                                                                              วันที่   : 01.07.2026
ไคลเอนท์  : PED-400                                                                                    รายงานผลการเบิกจ่ายการจัดซื้อพัสดุประเภทต่างๆงบลงทุนที่ทำเป็นโครงการ (งบ P-ควบคุมงบประมาณโดยรวม) ประจำเดือน ธ.ค. ปี 2569                                                                      เวลา     : 09:25:19
โปรแกรม   : ZBUDR085                                                                                                                   เขต การไฟฟ้าเขตภาคตะวันออกเฉียงเหนือ 1 อุดรธานี                                                                                                               หน้าที่  : 4
--------------------------------------------------------------------------------------------------------------------------------------------------------------------------------------------------------------------------------------------------------------------------------------------------------------------------

--------------------------------------------------------------------------------------------------------------------------------------------------------------------------------------------------------------------------------------------------------------------------------------------------------------------------
|                  รายการ                  |           WBS            |    วงเงินงบประมาณ    | จ่ายจริงถึง 31 ธ.ค.  |  วงเงินคงเหลือยกมา/  | จ่ายจริงสะสม สิ้นสุด |    วงเงินคงเหลือ     |                                     อยู่ระหว่างดำเนินการ (คงเหลือ)                                     |    วงเงินคงเหลือ     |
|                                          |                          |                      |                      |                      |                      |                      |---------------------------------------------------------------------------------------------------------                      |
|                                          |                          |       ตั้งต้น        |         2568         | ที่ได้รับจัดสรรในปี  |     ณ ธ.ค. 2569      |                      |         IR         |         GR         | วงเงินผูกพันใน SAP |         PO         |         PR         |   ยังไม่ดำเนินการ    |
|                                          |                          |         (1)          |         (2)          |     (3)=(1)-(2)      |         (4)          |     (5)=(3)-(4)      |        (6)         |        (7)         |  (8)=(5)-(6)-(7)   |        (9)         |        (10)        |  (11)=(8)-(9)-(10)   |
--------------------------------------------------------------------------------------------------------------------------------------------------------------------------------------------------------------------------------------------------------------------------------------------------------------------------
|     | รวม จัดซื้อพัสดุรอง ปี 2560                                   |        2,770,997.60  |        2,770,997.60  |                0.00  |                0.00  |                0.00  |              0.00  |              0.00  |              0.00  |              0.00  |              0.00  |                0.00  |
--------------------------------------------------------------------------------------------------------------------------------------------------------------------------------------------------------------------------------------------------------------------------------------------------------------------------
|     | จัดซื้อพัสดุรอง ปี 2561            | P-SEZ02.0-D-POP61.6000   |                0.00  |                0.00  |                0.00  |                0.00  |                0.00  |              0.00  |              0.00  |              0.00  |              0.00  |              0.00  |                0.00  |
|     |                                    | P-SEZ02.0-D-ACT61.6000   |        6,420,981.17  |        6,420,981.17  |                0.00  |                0.00  |                0.00  |              0.00  |              0.00  |              0.00  |              0.00  |              0.00  |                0.00  |
--------------------------------------------------------------------------------------------------------------------------------------------------------------------------------------------------------------------------------------------------------------------------------------------------------------------------
|     | รวม จัดซื้อพัสดุรอง ปี 2561                                   |        6,420,981.17  |        6,420,981.17  |                0.00  |                0.00  |                0.00  |              0.00  |              0.00  |              0.00  |              0.00  |              0.00  |                0.00  |
--------------------------------------------------------------------------------------------------------------------------------------------------------------------------------------------------------------------------------------------------------------------------------------------------------------------------
|     | จัดซื้อพัสดุรอง ปี 2562            | P-SEZ02.0-D-POP62.6000   |                0.00  |                0.00  |                0.00  |                0.00  |                0.00  |              0.00  |              0.00  |              0.00  |              0.00  |              0.00  |                0.00  |
|     |                                    | P-SEZ02.0-D-ACT62.6000   |        7,316,129.50  |        7,316,129.50  |                0.00  |                0.00  |                0.00  |              0.00  |              0.00  |              0.00  |              0.00  |              0.00  |                0.00  |
--------------------------------------------------------------------------------------------------------------------------------------------------------------------------------------------------------------------------------------------------------------------------------------------------------------------------
|     | รวม จัดซื้อพัสดุรอง ปี 2562                                   |        7,316,129.50  |        7,316,129.50  |                0.00  |                0.00  |                0.00  |              0.00  |              0.00  |              0.00  |              0.00  |              0.00  |                0.00  |
--------------------------------------------------------------------------------------------------------------------------------------------------------------------------------------------------------------------------------------------------------------------------------------------------------------------------
|     | จัดซื้อพัสดุรองปี 2563             | P-SEZ02.0-D-POP63.6000   |                0.00  |                0.00  |                0.00  |                0.00  |                0.00  |              0.00  |              0.00  |              0.00  |              0.00  |              0.00  |                0.00  |
|     |                                    | P-SEZ02.0-D-ACT63.6000   |        1,018,827.14  |        1,018,827.14  |                0.00  |                0.00  |                0.00  |              0.00  |              0.00  |              0.00  |              0.00  |              0.00  |                0.00  |
--------------------------------------------------------------------------------------------------------------------------------------------------------------------------------------------------------------------------------------------------------------------------------------------------------------------------
|     | รวม จัดซื้อพัสดุรองปี 2563                                    |        1,018,827.14  |        1,018,827.14  |                0.00  |                0.00  |                0.00  |              0.00  |              0.00  |              0.00  |              0.00  |              0.00  |                0.00  |
--------------------------------------------------------------------------------------------------------------------------------------------------------------------------------------------------------------------------------------------------------------------------------------------------------------------------
|     | จัดซื้อพัสดุรอง ปี 2564            | P-SEZ02.0-D-POP64.6000   |                0.00  |                0.00  |                0.00  |                0.00  |                0.00  |              0.00  |              0.00  |              0.00  |              0.00  |              0.00  |                0.00  |
|     |                                    | P-SEZ02.0-D-ACT64.6000   |        1,576,750.57  |        1,576,750.57  |                0.00  |                0.00  |                0.00  |              0.00  |              0.00  |              0.00  |              0.00  |              0.00  |                0.00  |
--------------------------------------------------------------------------------------------------------------------------------------------------------------------------------------------------------------------------------------------------------------------------------------------------------------------------
|     | รวม จัดซื้อพัสดุรอง ปี 2564                                   |        1,576,750.57  |        1,576,750.57  |                0.00  |                0.00  |                0.00  |              0.00  |              0.00  |              0.00  |              0.00  |              0.00  |                0.00  |
--------------------------------------------------------------------------------------------------------------------------------------------------------------------------------------------------------------------------------------------------------------------------------------------------------------------------
|     | จัดซื้อพัสดุขาดแคลน                | P-SEZ02.0-D-POPBG.1000   |                0.00  |                0.00  |                0.00  |                0.00  |                0.00  |              0.00  |              0.00  |              0.00  |              0.00  |              0.00  |                0.00  |
|     |                                    | P-SEZ02.0-D-NPNXX.1000   |        3,163,800.00  |        3,163,800.00  |                0.00  |                0.00  |                0.00  |              0.00  |              0.00  |              0.00  |              0.00  |              0.00  |                0.00  |
--------------------------------------------------------------------------------------------------------------------------------------------------------------------------------------------------------------------------------------------------------------------------------------------------------------------------
|     | รวม จัดซื้อพัสดุขาดแคลน                                       |        3,163,800.00  |        3,163,800.00  |                0.00  |                0.00  |                0.00  |              0.00  |              0.00  |              0.00  |              0.00  |              0.00  |                0.00  |
--------------------------------------------------------------------------------------------------------------------------------------------------------------------------------------------------------------------------------------------------------------------------------------------------------------------------
|     | จัดหาผลิตภัณฑ์คอนกรีต              | P-SEZ02.0-D-POPBG.2000   |                0.00  |                0.00  |                0.00  |                0.00  |                0.00  |              0.00  |              0.00  |              0.00  |              0.00  |              0.00  |                0.00  |
|     |                                    | P-SEZ02.0-D-ACTXX.2000   |       38,408,088.00  |       38,408,088.00  |                0.00  |                0.00  |                0.00  |              0.00  |              0.00  |              0.00  |              0.00  |              0.00  |                0.00  |
--------------------------------------------------------------------------------------------------------------------------------------------------------------------------------------------------------------------------------------------------------------------------------------------------------------------------
|     | รวม จัดหาผลิตภัณฑ์คอนกรีต                                     |       38,408,088.00  |       38,408,088.00  |                0.00  |                0.00  |                0.00  |              0.00  |              0.00  |              0.00  |              0.00  |              0.00  |                0.00  |
--------------------------------------------------------------------------------------------------------------------------------------------------------------------------------------------------------------------------------------------------------------------------------------------------------------------------
|     | รวม คพพ.2                                                     |       60,675,573.98  |       60,675,573.98  |                0.00  |                0.00  |                0.00  |              0.00  |              0.00  |              0.00  |              0.00  |              0.00  |                0.00  |
--------------------------------------------------------------------------------------------------------------------------------------------------------------------------------------------------------------------------------------------------------------------------------------------------------------------------
|  6  | คพจ.1 (แผน 3)                      |                          |                      |                      |                      |                      |                      |                    |                    |                    |                    |                    |                      |
|     | จัดซื้อพัสดุขาดแคลน (โครงสร้างใหม่ | P-TDD01.3-D-AEDBG.1000   |           25,058.00  |                0.00  |           25,058.00  |                0.00  |           25,058.00  |              0.00  |              0.00  |         25,058.00  |              0.00  |              0.00  |           25,058.00  |
|     |                                    | P-TDD01.3-D-UDNBG.1000   |          416,880.00  |          416,880.00  |                0.00  |                0.00  |                0.00  |              0.00  |              0.00  |              0.00  |              0.00  |              0.00  |                0.00  |
|     |                                    | P-TDD01.3-D-NKYBG.1000   |          531,936.00  |          531,936.00  |                0.00  |                0.00  |                0.00  |              0.00  |              0.00  |              0.00  |              0.00  |              0.00  |                0.00  |
|     |                                    | P-TDD01.3-D-KKNBG.1000   |          416,880.00  |          416,880.00  |                0.00  |                0.00  |                0.00  |              0.00  |              0.00  |              0.00  |              0.00  |              0.00  |                0.00  |
|     |                                    | P-TDD01.3-D-SKKBG.1000   |          517,752.00  |          460,224.00  |           57,528.00  |           57,528.00  |                0.00  |              0.00  |              0.00  |              0.00  |              0.00  |              0.00  |                0.00  |
|     |                                    | P-TDD01.3-D-NPNBG.1000   |          416,500.00  |          416,500.00  |                0.00  |                0.00  |                0.00  |              0.00  |              0.00  |              0.00  |              0.00  |              0.00  |                0.00  |
|     |                                    | P-TDD01.3-D-CMPBG.1000   |          474,408.00  |          474,408.00  |                0.00  |                0.00  |                0.00  |              0.00  |              0.00  |              0.00  |              0.00  |              0.00  |                0.00  |
|     |                                    | P-TDD01.3-D-KWPBG.1000   |          416,880.00  |                0.00  |          416,880.00  |          416,880.00  |                0.00  |              0.00  |              0.00  |              0.00  |              0.00  |              0.00  |                0.00  |
|     |                                    | P-TDD01.3-D-NHNBG.1000   |          407,160.00  |          407,160.00  |                0.00  |                0.00  |                0.00  |              0.00  |              0.00  |              0.00  |              0.00  |              0.00  |                0.00  |
|     |                                    | P-TDD01.3-D-PKNBG.1000   |          416,880.00  |          416,720.00  |              160.00  |                0.00  |              160.00  |              0.00  |              0.00  |            160.00  |              0.00  |              0.00  |              160.00  |
|     |                                    | P-TDD01.3-D-NBPBG.1000   |          416,880.00  |          416,880.00  |                0.00  |                0.00  |                0.00  |              0.00  |              0.00  |              0.00  |              0.00  |              0.00  |                0.00  |
|     |                                    | P-TDD01.3-D-BPIBG.1000   |          416,880.00  |          416,880.00  |                0.00  |                0.00  |                0.00  |              0.00  |              0.00  |              0.00  |              0.00  |              0.00  |                0.00  |
|     |                                    | P-TDD01.3-D-BKABG.1000   |          474,408.00  |          474,408.00  |                0.00  |                0.00  |                0.00  |              0.00  |              0.00  |              0.00  |              0.00  |              0.00  |                0.00  |
|     |                                    | P-TDD01.3-D-KK2BG.1000   |          416,880.00  |          416,880.00  |                0.00  |                0.00  |                0.00  |              0.00  |              0.00  |              0.00  |              0.00  |              0.00  |                0.00  |
|     |                                    | P-TDD01.3-D-UD2BG.1000   |          416,880.00  |          416,880.00  |                0.00  |                0.00  |                0.00  |              0.00  |              0.00  |              0.00  |              0.00  |              0.00  |                0.00  |
|     |                                    | P-TDD01.3-D-SDDBG.1000   |          416,528.00  |          416,528.00  |                0.00  |                0.00  |                0.00  |              0.00  |              0.00  |              0.00  |              0.00  |              0.00  |                0.00  |
|     |                                    | P-TDD01.3-D-WSPBG.1000   |          833,760.00  |          416,880.00  |          416,880.00  |          416,279.00  |              601.00  |              0.00  |              0.00  |            601.00  |              0.00  |              0.00  |              601.00  |
--------------------------------------------------------------------------------------------------------------------------------------------------------------------------------------------------------------------------------------------------------------------------------------------------------------------------
|     | รวม จัดซื้อพัสดุขาดแคลน (โครงสร้างใหม่)                       |        7,432,550.00  |        6,516,044.00  |          916,506.00  |          890,687.00  |           25,819.00  |              0.00  |              0.00  |         25,819.00  |              0.00  |              0.00  |           25,819.00  |
ผู้ใช้    : E1NPNWSL01                                                                                                                              การไฟฟ้าส่วนภูมิภาค                                                                                                                              วันที่   : 01.07.2026
ไคลเอนท์  : PED-400                                                                                    รายงานผลการเบิกจ่ายการจัดซื้อพัสดุประเภทต่างๆงบลงทุนที่ทำเป็นโครงการ (งบ P-ควบคุมงบประมาณโดยรวม) ประจำเดือน ธ.ค. ปี 2569                                                                      เวลา     : 09:25:19
โปรแกรม   : ZBUDR085                                                                                                                   เขต การไฟฟ้าเขตภาคตะวันออกเฉียงเหนือ 1 อุดรธานี                                                                                                               หน้าที่  : 5
--------------------------------------------------------------------------------------------------------------------------------------------------------------------------------------------------------------------------------------------------------------------------------------------------------------------------

--------------------------------------------------------------------------------------------------------------------------------------------------------------------------------------------------------------------------------------------------------------------------------------------------------------------------
|                  รายการ                  |           WBS            |    วงเงินงบประมาณ    | จ่ายจริงถึง 31 ธ.ค.  |  วงเงินคงเหลือยกมา/  | จ่ายจริงสะสม สิ้นสุด |    วงเงินคงเหลือ     |                                     อยู่ระหว่างดำเนินการ (คงเหลือ)                                     |    วงเงินคงเหลือ     |
|                                          |                          |                      |                      |                      |                      |                      |---------------------------------------------------------------------------------------------------------                      |
|                                          |                          |       ตั้งต้น        |         2568         | ที่ได้รับจัดสรรในปี  |     ณ ธ.ค. 2569      |                      |         IR         |         GR         | วงเงินผูกพันใน SAP |         PO         |         PR         |   ยังไม่ดำเนินการ    |
|                                          |                          |         (1)          |         (2)          |     (3)=(1)-(2)      |         (4)          |     (5)=(3)-(4)      |        (6)         |        (7)         |  (8)=(5)-(6)-(7)   |        (9)         |        (10)        |  (11)=(8)-(9)-(10)   |
--------------------------------------------------------------------------------------------------------------------------------------------------------------------------------------------------------------------------------------------------------------------------------------------------------------------------
--------------------------------------------------------------------------------------------------------------------------------------------------------------------------------------------------------------------------------------------------------------------------------------------------------------------------
|     | จัดซื้อพัสดุอนุมัติตาม ผอ.โครงการ  | P-TDD01.3-D-AEDBG.3000   |                0.00  |                0.00  |                0.00  |                0.00  |                0.00  |              0.00  |              0.00  |              0.00  |              0.00  |              0.00  |                0.00  |
|     |                                    | P-TDD01.3-D-UDNXX.3000   |          473,400.00  |          473,400.00  |                0.00  |                0.00  |                0.00  |              0.00  |              0.00  |              0.00  |              0.00  |              0.00  |                0.00  |
|     |                                    | P-TDD01.3-D-KKNXX.3000   |          684,600.00  |          684,600.00  |                0.00  |                0.00  |                0.00  |              0.00  |              0.00  |              0.00  |              0.00  |              0.00  |                0.00  |
|     |                                    | P-TDD01.3-D-SKKXX.3000   |           99,000.00  |           99,000.00  |                0.00  |                0.00  |                0.00  |              0.00  |              0.00  |              0.00  |              0.00  |              0.00  |                0.00  |
|     |                                    | P-TDD01.3-D-NPNXX.3000   |          783,600.00  |          783,600.00  |                0.00  |                0.00  |                0.00  |              0.00  |              0.00  |              0.00  |              0.00  |              0.00  |                0.00  |
|     |                                    | P-TDD01.3-D-BKAXX.3000   |          211,200.00  |          211,200.00  |                0.00  |                0.00  |                0.00  |              0.00  |              0.00  |              0.00  |              0.00  |              0.00  |                0.00  |
|     |                                    | P-TDD01.3-D-KK2XX.3000   |          577,923.00  |          577,923.00  |                0.00  |                0.00  |                0.00  |              0.00  |              0.00  |              0.00  |              0.00  |              0.00  |                0.00  |
--------------------------------------------------------------------------------------------------------------------------------------------------------------------------------------------------------------------------------------------------------------------------------------------------------------------------
|     | รวม จัดซื้อพัสดุอนุมัติตาม ผอ.โครงการ                         |        2,829,723.00  |        2,829,723.00  |                0.00  |                0.00  |                0.00  |              0.00  |              0.00  |              0.00  |              0.00  |              0.00  |                0.00  |
--------------------------------------------------------------------------------------------------------------------------------------------------------------------------------------------------------------------------------------------------------------------------------------------------------------------------
|     | จัดซื้อพัสดุรอง ปี 2561            | P-TDD01.3-D-POP61.6000   |                0.00  |                0.00  |                0.00  |                0.00  |                0.00  |              0.00  |              0.00  |              0.00  |              0.00  |              0.00  |                0.00  |
|     |                                    | P-TDD01.3-D-ACT61.6000   |        7,822,954.86  |        7,822,954.86  |                0.00  |                0.00  |                0.00  |              0.00  |              0.00  |              0.00  |              0.00  |              0.00  |                0.00  |
--------------------------------------------------------------------------------------------------------------------------------------------------------------------------------------------------------------------------------------------------------------------------------------------------------------------------
|     | รวม จัดซื้อพัสดุรอง ปี 2561                                   |        7,822,954.86  |        7,822,954.86  |                0.00  |                0.00  |                0.00  |              0.00  |              0.00  |              0.00  |              0.00  |              0.00  |                0.00  |
--------------------------------------------------------------------------------------------------------------------------------------------------------------------------------------------------------------------------------------------------------------------------------------------------------------------------
|     | จัดซื้อพัสดุรอง ปี 2562            | P-TDD01.3-D-POP62.6000   |                0.00  |                0.00  |                0.00  |                0.00  |                0.00  |              0.00  |              0.00  |              0.00  |              0.00  |              0.00  |                0.00  |
|     |                                    | P-TDD01.3-D-ACT62.6000   |       54,863,195.71  |       54,863,195.71  |                0.00  |                0.00  |                0.00  |              0.00  |              0.00  |              0.00  |              0.00  |              0.00  |                0.00  |
--------------------------------------------------------------------------------------------------------------------------------------------------------------------------------------------------------------------------------------------------------------------------------------------------------------------------
|     | รวม จัดซื้อพัสดุรอง ปี 2562                                   |       54,863,195.71  |       54,863,195.71  |                0.00  |                0.00  |                0.00  |              0.00  |              0.00  |              0.00  |              0.00  |              0.00  |                0.00  |
--------------------------------------------------------------------------------------------------------------------------------------------------------------------------------------------------------------------------------------------------------------------------------------------------------------------------
|     | จัดซื้อพัสดุรอง ปี 2563            | P-TDD01.3-D-POP63.6000   |                0.00  |                0.00  |                0.00  |                0.00  |                0.00  |              0.00  |              0.00  |              0.00  |              0.00  |              0.00  |                0.00  |
|     |                                    | P-TDD01.3-D-ACT63.6000   |       32,066,454.15  |       32,066,454.15  |                0.00  |                0.00  |                0.00  |              0.00  |              0.00  |              0.00  |              0.00  |              0.00  |                0.00  |
--------------------------------------------------------------------------------------------------------------------------------------------------------------------------------------------------------------------------------------------------------------------------------------------------------------------------
|     | รวม จัดซื้อพัสดุรอง ปี 2563                                   |       32,066,454.15  |       32,066,454.15  |                0.00  |                0.00  |                0.00  |              0.00  |              0.00  |              0.00  |              0.00  |              0.00  |                0.00  |
--------------------------------------------------------------------------------------------------------------------------------------------------------------------------------------------------------------------------------------------------------------------------------------------------------------------------
|     | จัดซื้อพัสดุขาดแคลน                | P-TDD01.3-D-POPBG.1000   |                0.00  |                0.00  |                0.00  |                0.00  |                0.00  |              0.00  |              0.00  |              0.00  |              0.00  |              0.00  |                0.00  |
|     |                                    | P-TDD01.3-D-UDNXX.1000   |       12,718,760.00  |       12,718,760.00  |                0.00  |                0.00  |                0.00  |              0.00  |              0.00  |              0.00  |              0.00  |              0.00  |                0.00  |
|     |                                    | P-TDD01.3-D-UD2XX.1000   |        7,383,800.00  |        7,383,800.00  |                0.00  |                0.00  |                0.00  |              0.00  |              0.00  |              0.00  |              0.00  |              0.00  |                0.00  |
|     |                                    | P-TDD01.3-D-NKYXX.1000   |       14,448,605.00  |       14,448,605.00  |                0.00  |                0.00  |                0.00  |              0.00  |              0.00  |              0.00  |              0.00  |              0.00  |                0.00  |
|     |                                    | P-TDD01.3-D-KKNXX.1000   |       11,468,022.00  |       11,468,022.00  |                0.00  |                0.00  |                0.00  |              0.00  |              0.00  |              0.00  |              0.00  |              0.00  |                0.00  |
|     |                                    | P-TDD01.3-D-KK2XX.1000   |       12,321,527.00  |       12,321,527.00  |                0.00  |                0.00  |                0.00  |              0.00  |              0.00  |              0.00  |              0.00  |              0.00  |                0.00  |
|     |                                    | P-TDD01.3-D-LOEXX.1000   |       15,574,293.50  |       15,574,293.50  |                0.00  |                0.00  |                0.00  |              0.00  |              0.00  |              0.00  |              0.00  |              0.00  |                0.00  |
|     |                                    | P-TDD01.3-D-SKKXX.1000   |       13,594,967.00  |       13,594,967.00  |                0.00  |                0.00  |                0.00  |              0.00  |              0.00  |              0.00  |              0.00  |              0.00  |                0.00  |
|     |                                    | P-TDD01.3-D-NPNXX.1000   |       16,245,816.20  |       16,245,816.20  |                0.00  |                0.00  |                0.00  |              0.00  |              0.00  |              0.00  |              0.00  |              0.00  |                0.00  |
|     |                                    | P-TDD01.3-D-CMPXX.1000   |       10,031,978.00  |       10,031,978.00  |                0.00  |                0.00  |                0.00  |              0.00  |              0.00  |              0.00  |              0.00  |              0.00  |                0.00  |
|     |                                    | P-TDD01.3-D-KWPXX.1000   |        6,939,960.00  |        6,939,960.00  |                0.00  |                0.00  |                0.00  |              0.00  |              0.00  |              0.00  |              0.00  |              0.00  |                0.00  |
|     |                                    | P-TDD01.3-D-NHNXX.1000   |        7,088,173.10  |        7,088,173.10  |                0.00  |                0.00  |                0.00  |              0.00  |              0.00  |              0.00  |              0.00  |              0.00  |                0.00  |
|     |                                    | P-TDD01.3-D-PKNXX.1000   |        6,811,150.00  |        6,811,150.00  |                0.00  |                0.00  |                0.00  |              0.00  |              0.00  |              0.00  |              0.00  |              0.00  |                0.00  |
|     |                                    | P-TDD01.3-D-NBPXX.1000   |       10,539,845.00  |       10,539,845.00  |                0.00  |                0.00  |                0.00  |              0.00  |              0.00  |              0.00  |              0.00  |              0.00  |                0.00  |
|     |                                    | P-TDD01.3-D-BPIXX.1000   |       11,543,810.00  |       11,543,810.00  |                0.00  |                0.00  |                0.00  |              0.00  |              0.00  |              0.00  |              0.00  |              0.00  |                0.00  |
|     |                                    | P-TDD01.3-D-BKAXX.1000   |       11,891,500.00  |       11,891,500.00  |                0.00  |                0.00  |                0.00  |              0.00  |              0.00  |              0.00  |              0.00  |              0.00  |                0.00  |
|     |                                    | P-TDD01.3-D-SDDXX.1000   |        5,475,740.00  |        5,475,740.00  |                0.00  |                0.00  |                0.00  |              0.00  |              0.00  |              0.00  |              0.00  |              0.00  |                0.00  |
--------------------------------------------------------------------------------------------------------------------------------------------------------------------------------------------------------------------------------------------------------------------------------------------------------------------------
|     | รวม จัดซื้อพัสดุขาดแคลน                                       |      174,077,946.80  |      174,077,946.80  |                0.00  |                0.00  |                0.00  |              0.00  |              0.00  |              0.00  |              0.00  |              0.00  |                0.00  |
--------------------------------------------------------------------------------------------------------------------------------------------------------------------------------------------------------------------------------------------------------------------------------------------------------------------------
|     | จัดซื้อผลิตภัณฑ์คอนกรีต            | P-TDD01.3-D-POPBG.2000   |                0.00  |                0.00  |                0.00  |                0.00  |                0.00  |              0.00  |              0.00  |              0.00  |              0.00  |              0.00  |                0.00  |
|     |                                    | P-TDD01.3-D-UD2XX.2000   |        4,288,899.00  |        4,288,899.00  |                0.00  |                0.00  |                0.00  |              0.00  |              0.00  |              0.00  |              0.00  |              0.00  |                0.00  |
|     |                                    | P-TDD01.3-D-UDNXX.2000   |        5,104,976.00  |        5,104,976.00  |                0.00  |                0.00  |                0.00  |              0.00  |              0.00  |              0.00  |              0.00  |              0.00  |                0.00  |
|     |                                    | P-TDD01.3-D-NKYXX.2000   |        4,762,550.00  |        4,762,550.00  |                0.00  |                0.00  |                0.00  |              0.00  |              0.00  |              0.00  |              0.00  |              0.00  |                0.00  |
|     |                                    | P-TDD01.3-D-KKNXX.2000   |        4,505,217.00  |        4,505,217.00  |                0.00  |                0.00  |                0.00  |              0.00  |              0.00  |              0.00  |              0.00  |              0.00  |                0.00  |
|     |                                    | P-TDD01.3-D-KK2XX.2000   |        4,967,215.00  |        4,967,215.00  |                0.00  |                0.00  |                0.00  |              0.00  |              0.00  |              0.00  |              0.00  |              0.00  |                0.00  |
|     |                                    | P-TDD01.3-D-LOEXX.2000   |        5,679,548.00  |        5,679,548.00  |                0.00  |                0.00  |                0.00  |              0.00  |              0.00  |              0.00  |              0.00  |              0.00  |                0.00  |
|     |                                    | P-TDD01.3-D-SKKXX.2000   |        4,209,705.00  |        4,209,705.00  |                0.00  |                0.00  |                0.00  |              0.00  |              0.00  |              0.00  |              0.00  |              0.00  |                0.00  |
ผู้ใช้    : E1NPNWSL01                                                                                                                              การไฟฟ้าส่วนภูมิภาค                                                                                                                              วันที่   : 01.07.2026
ไคลเอนท์  : PED-400                                                                                    รายงานผลการเบิกจ่ายการจัดซื้อพัสดุประเภทต่างๆงบลงทุนที่ทำเป็นโครงการ (งบ P-ควบคุมงบประมาณโดยรวม) ประจำเดือน ธ.ค. ปี 2569                                                                      เวลา     : 09:25:19
โปรแกรม   : ZBUDR085                                                                                                                   เขต การไฟฟ้าเขตภาคตะวันออกเฉียงเหนือ 1 อุดรธานี                                                                                                               หน้าที่  : 6
--------------------------------------------------------------------------------------------------------------------------------------------------------------------------------------------------------------------------------------------------------------------------------------------------------------------------

--------------------------------------------------------------------------------------------------------------------------------------------------------------------------------------------------------------------------------------------------------------------------------------------------------------------------
|                  รายการ                  |           WBS            |    วงเงินงบประมาณ    | จ่ายจริงถึง 31 ธ.ค.  |  วงเงินคงเหลือยกมา/  | จ่ายจริงสะสม สิ้นสุด |    วงเงินคงเหลือ     |                                     อยู่ระหว่างดำเนินการ (คงเหลือ)                                     |    วงเงินคงเหลือ     |
|                                          |                          |                      |                      |                      |                      |                      |---------------------------------------------------------------------------------------------------------                      |
|                                          |                          |       ตั้งต้น        |         2568         | ที่ได้รับจัดสรรในปี  |     ณ ธ.ค. 2569      |                      |         IR         |         GR         | วงเงินผูกพันใน SAP |         PO         |         PR         |   ยังไม่ดำเนินการ    |
|                                          |                          |         (1)          |         (2)          |     (3)=(1)-(2)      |         (4)          |     (5)=(3)-(4)      |        (6)         |        (7)         |  (8)=(5)-(6)-(7)   |        (9)         |        (10)        |  (11)=(8)-(9)-(10)   |
--------------------------------------------------------------------------------------------------------------------------------------------------------------------------------------------------------------------------------------------------------------------------------------------------------------------------
|     |                                    | P-TDD01.3-D-NPNXX.2000   |        5,245,883.00  |        5,245,883.00  |                0.00  |                0.00  |                0.00  |              0.00  |              0.00  |              0.00  |              0.00  |              0.00  |                0.00  |
|     |                                    | P-TDD01.3-D-CMPXX.2000   |        3,450,470.00  |        3,450,470.00  |                0.00  |                0.00  |                0.00  |              0.00  |              0.00  |              0.00  |              0.00  |              0.00  |                0.00  |
|     |                                    | P-TDD01.3-D-KWPXX.2000   |        3,686,980.00  |        3,686,980.00  |                0.00  |                0.00  |                0.00  |              0.00  |              0.00  |              0.00  |              0.00  |              0.00  |                0.00  |
|     |                                    | P-TDD01.3-D-NHNXX.2000   |        4,219,956.00  |        4,219,956.00  |                0.00  |                0.00  |                0.00  |              0.00  |              0.00  |              0.00  |              0.00  |              0.00  |                0.00  |
|     |                                    | P-TDD01.3-D-PKNXX.2000   |        3,807,764.00  |        3,807,764.00  |                0.00  |                0.00  |                0.00  |              0.00  |              0.00  |              0.00  |              0.00  |              0.00  |                0.00  |
|     |                                    | P-TDD01.3-D-NBPXX.2000   |        3,884,537.00  |        3,884,537.00  |                0.00  |                0.00  |                0.00  |              0.00  |              0.00  |              0.00  |              0.00  |              0.00  |                0.00  |
|     |                                    | P-TDD01.3-D-BPIXX.2000   |        5,294,070.00  |        5,294,070.00  |                0.00  |                0.00  |                0.00  |              0.00  |              0.00  |              0.00  |              0.00  |              0.00  |                0.00  |
|     |                                    | P-TDD01.3-D-BKAXX.2000   |        4,468,545.00  |        4,468,545.00  |                0.00  |                0.00  |                0.00  |              0.00  |              0.00  |              0.00  |              0.00  |              0.00  |                0.00  |
|     |                                    | P-TDD01.3-D-ACTXX.2000   |      192,422,302.00  |      192,422,302.00  |                0.00  |                0.00  |                0.00  |              0.00  |              0.00  |              0.00  |              0.00  |              0.00  |                0.00  |
|     |                                    | P-TDD01.3-D-SDDXX.2000   |        2,241,550.00  |        2,241,550.00  |                0.00  |                0.00  |                0.00  |              0.00  |              0.00  |              0.00  |              0.00  |              0.00  |                0.00  |
--------------------------------------------------------------------------------------------------------------------------------------------------------------------------------------------------------------------------------------------------------------------------------------------------------------------------
|     | รวม จัดซื้อผลิตภัณฑ์คอนกรีต                                   |      262,240,167.00  |      262,240,167.00  |                0.00  |                0.00  |                0.00  |              0.00  |              0.00  |              0.00  |              0.00  |              0.00  |                0.00  |
--------------------------------------------------------------------------------------------------------------------------------------------------------------------------------------------------------------------------------------------------------------------------------------------------------------------------
|     | รวม คพจ.1 (แผน 3)                                             |      541,332,991.52  |      540,416,485.52  |          916,506.00  |          890,687.00  |           25,819.00  |              0.00  |              0.00  |         25,819.00  |              0.00  |              0.00  |           25,819.00  |
--------------------------------------------------------------------------------------------------------------------------------------------------------------------------------------------------------------------------------------------------------------------------------------------------------------------------
|  7  | คพจ.1 (แผน 4)                      |                          |                      |                      |                      |                      |                      |                    |                    |                    |                    |                    |                      |
|     | จัดซื้อพัสดุรอง ปี 2561            | P-TDD01.4-D-POP61.6000   |                0.00  |                0.00  |                0.00  |                0.00  |                0.00  |              0.00  |              0.00  |              0.00  |              0.00  |              0.00  |                0.00  |
|     |                                    | P-TDD01.4-D-ACT61.6000   |        2,635,560.63  |        2,635,560.63  |                0.00  |                0.00  |                0.00  |              0.00  |              0.00  |              0.00  |              0.00  |              0.00  |                0.00  |
--------------------------------------------------------------------------------------------------------------------------------------------------------------------------------------------------------------------------------------------------------------------------------------------------------------------------
|     | รวม จัดซื้อพัสดุรอง ปี 2561                                   |        2,635,560.63  |        2,635,560.63  |                0.00  |                0.00  |                0.00  |              0.00  |              0.00  |              0.00  |              0.00  |              0.00  |                0.00  |
--------------------------------------------------------------------------------------------------------------------------------------------------------------------------------------------------------------------------------------------------------------------------------------------------------------------------
|     | จัดซื้อพัสดุขาดแคลน                | P-TDD01.4-D-POPBG.1000   |                0.00  |                0.00  |                0.00  |                0.00  |                0.00  |              0.00  |              0.00  |              0.00  |              0.00  |              0.00  |                0.00  |
|     |                                    | P-TDD01.4-D-UDNXX.1000   |        1,443,000.00  |        1,443,000.00  |                0.00  |                0.00  |                0.00  |              0.00  |              0.00  |              0.00  |              0.00  |              0.00  |                0.00  |
|     |                                    | P-TDD01.4-D-NKYXX.1000   |        1,670,450.00  |        1,670,450.00  |                0.00  |                0.00  |                0.00  |              0.00  |              0.00  |              0.00  |              0.00  |              0.00  |                0.00  |
|     |                                    | P-TDD01.4-D-KKNXX.1000   |        1,499,000.00  |        1,499,000.00  |                0.00  |                0.00  |                0.00  |              0.00  |              0.00  |              0.00  |              0.00  |              0.00  |                0.00  |
|     |                                    | P-TDD01.4-D-LOEXX.1000   |        1,495,040.00  |        1,495,040.00  |                0.00  |                0.00  |                0.00  |              0.00  |              0.00  |              0.00  |              0.00  |              0.00  |                0.00  |
|     |                                    | P-TDD01.4-D-SKKXX.1000   |        1,476,290.00  |        1,476,290.00  |                0.00  |                0.00  |                0.00  |              0.00  |              0.00  |              0.00  |              0.00  |              0.00  |                0.00  |
|     |                                    | P-TDD01.4-D-NPNXX.1000   |        1,487,740.00  |        1,487,740.00  |                0.00  |                0.00  |                0.00  |              0.00  |              0.00  |              0.00  |              0.00  |              0.00  |                0.00  |
|     |                                    | P-TDD01.4-D-CMPXX.1000   |        1,471,440.00  |        1,471,440.00  |                0.00  |                0.00  |                0.00  |              0.00  |              0.00  |              0.00  |              0.00  |              0.00  |                0.00  |
|     |                                    | P-TDD01.4-D-KWPXX.1000   |        1,339,350.00  |        1,339,350.00  |                0.00  |                0.00  |                0.00  |              0.00  |              0.00  |              0.00  |              0.00  |              0.00  |                0.00  |
|     |                                    | P-TDD01.4-D-NHNXX.1000   |        1,348,600.00  |        1,348,600.00  |                0.00  |                0.00  |                0.00  |              0.00  |              0.00  |              0.00  |              0.00  |              0.00  |                0.00  |
|     |                                    | P-TDD01.4-D-PKNXX.1000   |        1,346,050.00  |        1,346,050.00  |                0.00  |                0.00  |                0.00  |              0.00  |              0.00  |              0.00  |              0.00  |              0.00  |                0.00  |
|     |                                    | P-TDD01.4-D-NBPXX.1000   |        1,346,050.00  |        1,346,050.00  |                0.00  |                0.00  |                0.00  |              0.00  |              0.00  |              0.00  |              0.00  |              0.00  |                0.00  |
|     |                                    | P-TDD01.4-D-BPIXX.1000   |        1,569,800.00  |        1,569,800.00  |                0.00  |                0.00  |                0.00  |              0.00  |              0.00  |              0.00  |              0.00  |              0.00  |                0.00  |
|     |                                    | P-TDD01.4-D-BKAXX.1000   |        1,489,620.00  |        1,489,620.00  |                0.00  |                0.00  |                0.00  |              0.00  |              0.00  |              0.00  |              0.00  |              0.00  |                0.00  |
|     |                                    | P-TDD01.4-D-KK2XX.1000   |        1,320,800.00  |        1,320,800.00  |                0.00  |                0.00  |                0.00  |              0.00  |              0.00  |              0.00  |              0.00  |              0.00  |                0.00  |
|     |                                    | P-TDD01.4-D-UD2XX.1000   |        1,340,850.00  |        1,340,850.00  |                0.00  |                0.00  |                0.00  |              0.00  |              0.00  |              0.00  |              0.00  |              0.00  |                0.00  |
|     |                                    | P-TDD01.4-D-SDDXX.1000   |        1,347,900.00  |        1,347,900.00  |                0.00  |                0.00  |                0.00  |              0.00  |              0.00  |              0.00  |              0.00  |              0.00  |                0.00  |
--------------------------------------------------------------------------------------------------------------------------------------------------------------------------------------------------------------------------------------------------------------------------------------------------------------------------
|     | รวม จัดซื้อพัสดุขาดแคลน                                       |       22,991,980.00  |       22,991,980.00  |                0.00  |                0.00  |                0.00  |              0.00  |              0.00  |              0.00  |              0.00  |              0.00  |                0.00  |
--------------------------------------------------------------------------------------------------------------------------------------------------------------------------------------------------------------------------------------------------------------------------------------------------------------------------
|     | จัดซื้อผลิตภัณฑ์คอนกรีต            | P-TDD01.4-D-POPBG.2000   |                0.00  |                0.00  |                0.00  |                0.00  |                0.00  |              0.00  |              0.00  |              0.00  |              0.00  |              0.00  |                0.00  |
|     |                                    | P-TDD01.4-D-BPIXX.2000   |          914,610.00  |          914,610.00  |                0.00  |                0.00  |                0.00  |              0.00  |              0.00  |              0.00  |              0.00  |              0.00  |                0.00  |
|     |                                    | P-TDD01.4-D-UDNXX.2000   |          452,040.00  |          452,040.00  |                0.00  |                0.00  |                0.00  |              0.00  |              0.00  |              0.00  |              0.00  |              0.00  |                0.00  |
|     |                                    | P-TDD01.4-D-NKYXX.2000   |          453,670.00  |          453,670.00  |                0.00  |                0.00  |                0.00  |              0.00  |              0.00  |              0.00  |              0.00  |              0.00  |                0.00  |
|     |                                    | P-TDD01.4-D-KKNXX.2000   |          453,120.00  |          453,120.00  |                0.00  |                0.00  |                0.00  |              0.00  |              0.00  |              0.00  |              0.00  |              0.00  |                0.00  |
|     |                                    | P-TDD01.4-D-KK2XX.2000   |          449,820.00  |          449,820.00  |                0.00  |                0.00  |                0.00  |              0.00  |              0.00  |              0.00  |              0.00  |              0.00  |                0.00  |
|     |                                    | P-TDD01.4-D-LOEXX.2000   |          497,959.00  |          497,959.00  |                0.00  |                0.00  |                0.00  |              0.00  |              0.00  |              0.00  |              0.00  |              0.00  |                0.00  |
|     |                                    | P-TDD01.4-D-NPNXX.2000   |          449,820.00  |          449,820.00  |                0.00  |                0.00  |                0.00  |              0.00  |              0.00  |              0.00  |              0.00  |              0.00  |                0.00  |
|     |                                    | P-TDD01.4-D-CMPXX.2000   |          453,191.00  |          453,191.00  |                0.00  |                0.00  |                0.00  |              0.00  |              0.00  |              0.00  |              0.00  |              0.00  |                0.00  |
|     |                                    | P-TDD01.4-D-PKNXX.2000   |          456,960.00  |          456,960.00  |                0.00  |                0.00  |                0.00  |              0.00  |              0.00  |              0.00  |              0.00  |              0.00  |                0.00  |
--------------------------------------------------------------------------------------------------------------------------------------------------------------------------------------------------------------------------------------------------------------------------------------------------------------------------
|     | รวม จัดซื้อผลิตภัณฑ์คอนกรีต                                   |        4,581,190.00  |        4,581,190.00  |                0.00  |                0.00  |                0.00  |              0.00  |              0.00  |              0.00  |              0.00  |              0.00  |                0.00  |
--------------------------------------------------------------------------------------------------------------------------------------------------------------------------------------------------------------------------------------------------------------------------------------------------------------------------
ผู้ใช้    : E1NPNWSL01                                                                                                                              การไฟฟ้าส่วนภูมิภาค                                                                                                                              วันที่   : 01.07.2026
ไคลเอนท์  : PED-400                                                                                    รายงานผลการเบิกจ่ายการจัดซื้อพัสดุประเภทต่างๆงบลงทุนที่ทำเป็นโครงการ (งบ P-ควบคุมงบประมาณโดยรวม) ประจำเดือน ธ.ค. ปี 2569                                                                      เวลา     : 09:25:19
โปรแกรม   : ZBUDR085                                                                                                                   เขต การไฟฟ้าเขตภาคตะวันออกเฉียงเหนือ 1 อุดรธานี                                                                                                               หน้าที่  : 7
--------------------------------------------------------------------------------------------------------------------------------------------------------------------------------------------------------------------------------------------------------------------------------------------------------------------------

--------------------------------------------------------------------------------------------------------------------------------------------------------------------------------------------------------------------------------------------------------------------------------------------------------------------------
|                  รายการ                  |           WBS            |    วงเงินงบประมาณ    | จ่ายจริงถึง 31 ธ.ค.  |  วงเงินคงเหลือยกมา/  | จ่ายจริงสะสม สิ้นสุด |    วงเงินคงเหลือ     |                                     อยู่ระหว่างดำเนินการ (คงเหลือ)                                     |    วงเงินคงเหลือ     |
|                                          |                          |                      |                      |                      |                      |                      |---------------------------------------------------------------------------------------------------------                      |
|                                          |                          |       ตั้งต้น        |         2568         | ที่ได้รับจัดสรรในปี  |     ณ ธ.ค. 2569      |                      |         IR         |         GR         | วงเงินผูกพันใน SAP |         PO         |         PR         |   ยังไม่ดำเนินการ    |
|                                          |                          |         (1)          |         (2)          |     (3)=(1)-(2)      |         (4)          |     (5)=(3)-(4)      |        (6)         |        (7)         |  (8)=(5)-(6)-(7)   |        (9)         |        (10)        |  (11)=(8)-(9)-(10)   |
--------------------------------------------------------------------------------------------------------------------------------------------------------------------------------------------------------------------------------------------------------------------------------------------------------------------------
|     | รวม คพจ.1 (แผน 4)                                             |       30,208,730.63  |       30,208,730.63  |                0.00  |                0.00  |                0.00  |              0.00  |              0.00  |              0.00  |              0.00  |              0.00  |                0.00  |
--------------------------------------------------------------------------------------------------------------------------------------------------------------------------------------------------------------------------------------------------------------------------------------------------------------------------
|  8  | คฟม.2                              |                          |                      |                      |                      |                      |                      |                    |                    |                    |                    |                    |                      |
|     | จัดซื้อพัสดุรอง ปี 2561            | P-NHE02.0-D-POP61.6000   |                0.00  |                0.00  |                0.00  |                0.00  |                0.00  |              0.00  |              0.00  |              0.00  |              0.00  |              0.00  |                0.00  |
|     |                                    | P-NHE02.0-D-ACT61.6000   |       22,186,638.82  |       22,186,638.82  |                0.00  |                0.00  |                0.00  |              0.00  |              0.00  |              0.00  |              0.00  |              0.00  |                0.00  |
--------------------------------------------------------------------------------------------------------------------------------------------------------------------------------------------------------------------------------------------------------------------------------------------------------------------------
|     | รวม จัดซื้อพัสดุรอง ปี 2561                                   |       22,186,638.82  |       22,186,638.82  |                0.00  |                0.00  |                0.00  |              0.00  |              0.00  |              0.00  |              0.00  |              0.00  |                0.00  |
--------------------------------------------------------------------------------------------------------------------------------------------------------------------------------------------------------------------------------------------------------------------------------------------------------------------------
|     | จัดซื้อพัสดุรอง ปี 2562            | P-NHE02.0-D-POP62.6000   |                0.00  |                0.00  |                0.00  |                0.00  |                0.00  |              0.00  |              0.00  |              0.00  |              0.00  |              0.00  |                0.00  |
|     |                                    | P-NHE02.0-D-ACT62.6000   |        3,697,943.12  |        3,697,943.12  |                0.00  |                0.00  |                0.00  |              0.00  |              0.00  |              0.00  |              0.00  |              0.00  |                0.00  |
--------------------------------------------------------------------------------------------------------------------------------------------------------------------------------------------------------------------------------------------------------------------------------------------------------------------------
|     | รวม จัดซื้อพัสดุรอง ปี 2562                                   |        3,697,943.12  |        3,697,943.12  |                0.00  |                0.00  |                0.00  |              0.00  |              0.00  |              0.00  |              0.00  |              0.00  |                0.00  |
--------------------------------------------------------------------------------------------------------------------------------------------------------------------------------------------------------------------------------------------------------------------------------------------------------------------------
|     | จัดหาคอนกรีต ปี 64 เพิ่มเติม       | P-NHE02.0-D-POP63.2000   |                0.00  |                0.00  |                0.00  |                0.00  |                0.00  |              0.00  |              0.00  |              0.00  |              0.00  |              0.00  |                0.00  |
|     |                                    | P-NHE02.0-D-UDN63.2000   |        4,076,830.00  |        4,076,830.00  |                0.00  |                0.00  |                0.00  |              0.00  |              0.00  |              0.00  |              0.00  |              0.00  |                0.00  |
|     |                                    | P-NHE02.0-D-NKY63.2000   |        4,051,270.00  |        4,051,270.00  |                0.00  |                0.00  |                0.00  |              0.00  |              0.00  |              0.00  |              0.00  |              0.00  |                0.00  |
|     |                                    | P-NHE02.0-D-KKN63.2000   |        3,817,080.00  |        3,817,080.00  |                0.00  |                0.00  |                0.00  |              0.00  |              0.00  |              0.00  |              0.00  |              0.00  |                0.00  |
|     |                                    | P-NHE02.0-D-LOE63.2000   |        4,045,800.00  |        4,045,800.00  |                0.00  |                0.00  |                0.00  |              0.00  |              0.00  |              0.00  |              0.00  |              0.00  |                0.00  |
|     |                                    | P-NHE02.0-D-SKK63.2000   |        6,678,572.00  |        6,678,572.00  |                0.00  |                0.00  |                0.00  |              0.00  |              0.00  |              0.00  |              0.00  |              0.00  |                0.00  |
|     |                                    | P-NHE02.0-D-NPN63.2000   |        3,705,465.00  |        3,705,465.00  |                0.00  |                0.00  |                0.00  |              0.00  |              0.00  |              0.00  |              0.00  |              0.00  |                0.00  |
|     |                                    | P-NHE02.0-D-CMP63.2000   |        3,138,790.00  |        3,138,790.00  |                0.00  |                0.00  |                0.00  |              0.00  |              0.00  |              0.00  |              0.00  |              0.00  |                0.00  |
|     |                                    | P-NHE02.0-D-KWP63.2000   |        3,417,230.00  |        3,417,230.00  |                0.00  |                0.00  |                0.00  |              0.00  |              0.00  |              0.00  |              0.00  |              0.00  |                0.00  |
|     |                                    | P-NHE02.0-D-NHN63.2000   |        3,120,920.00  |        3,120,920.00  |                0.00  |                0.00  |                0.00  |              0.00  |              0.00  |              0.00  |              0.00  |              0.00  |                0.00  |
|     |                                    | P-NHE02.0-D-PKN63.2000   |        4,756,055.00  |        4,756,055.00  |                0.00  |                0.00  |                0.00  |              0.00  |              0.00  |              0.00  |              0.00  |              0.00  |                0.00  |
|     |                                    | P-NHE02.0-D-NBP63.2000   |        3,818,262.00  |        3,818,262.00  |                0.00  |                0.00  |                0.00  |              0.00  |              0.00  |              0.00  |              0.00  |              0.00  |                0.00  |
|     |                                    | P-NHE02.0-D-BPI63.2000   |        4,003,530.00  |        4,003,530.00  |                0.00  |                0.00  |                0.00  |              0.00  |              0.00  |              0.00  |              0.00  |              0.00  |                0.00  |
|     |                                    | P-NHE02.0-D-BKA63.2000   |        3,635,960.00  |        3,635,960.00  |                0.00  |                0.00  |                0.00  |              0.00  |              0.00  |              0.00  |              0.00  |              0.00  |                0.00  |
|     |                                    | P-NHE02.0-D-KK263.2000   |        3,713,435.00  |        3,713,435.00  |                0.00  |                0.00  |                0.00  |              0.00  |              0.00  |              0.00  |              0.00  |              0.00  |                0.00  |
|     |                                    | P-NHE02.0-D-UD263.2000   |        3,324,920.00  |        3,324,920.00  |                0.00  |                0.00  |                0.00  |              0.00  |              0.00  |              0.00  |              0.00  |              0.00  |                0.00  |
|     |                                    | P-NHE02.0-D-SDD63.2000   |        3,120,770.00  |        3,120,770.00  |                0.00  |                0.00  |                0.00  |              0.00  |              0.00  |              0.00  |              0.00  |              0.00  |                0.00  |
--------------------------------------------------------------------------------------------------------------------------------------------------------------------------------------------------------------------------------------------------------------------------------------------------------------------------
|     | รวม จัดหาคอนกรีต ปี 64 เพิ่มเติม                              |       62,424,889.00  |       62,424,889.00  |                0.00  |                0.00  |                0.00  |              0.00  |              0.00  |              0.00  |              0.00  |              0.00  |                0.00  |
--------------------------------------------------------------------------------------------------------------------------------------------------------------------------------------------------------------------------------------------------------------------------------------------------------------------------
|     | จัดหาพัสดุ ปี 63 เพิ่มเติม         | P-NHE02.0-D-POP63.3000   |                0.00  |                0.00  |                0.00  |                0.00  |                0.00  |              0.00  |              0.00  |              0.00  |              0.00  |              0.00  |                0.00  |
|     |                                    | P-NHE02.0-D-ACT63.3000   |       29,832,200.00  |       29,832,200.00  |                0.00  |                0.00  |                0.00  |              0.00  |              0.00  |              0.00  |              0.00  |              0.00  |                0.00  |
|     |                                    | P-NHE02.0-D-UDN63.3000   |          968,618.00  |          968,618.00  |                0.00  |                0.00  |                0.00  |              0.00  |              0.00  |              0.00  |              0.00  |              0.00  |                0.00  |
|     |                                    | P-NHE02.0-D-NKY63.3000   |        2,646,315.00  |        2,646,315.00  |                0.00  |                0.00  |                0.00  |              0.00  |              0.00  |              0.00  |              0.00  |              0.00  |                0.00  |
|     |                                    | P-NHE02.0-D-KKN63.3000   |        1,562,949.00  |        1,562,949.00  |                0.00  |                0.00  |                0.00  |              0.00  |              0.00  |              0.00  |              0.00  |              0.00  |                0.00  |
|     |                                    | P-NHE02.0-D-LOE63.3000   |        2,524,804.50  |        2,524,804.50  |                0.00  |                0.00  |                0.00  |              0.00  |              0.00  |              0.00  |              0.00  |              0.00  |                0.00  |
|     |                                    | P-NHE02.0-D-SKK63.3000   |        3,946,863.50  |        3,946,863.50  |                0.00  |                0.00  |                0.00  |              0.00  |              0.00  |              0.00  |              0.00  |              0.00  |                0.00  |
|     |                                    | P-NHE02.0-D-NPN63.3000   |        1,498,434.00  |        1,498,434.00  |                0.00  |                0.00  |                0.00  |              0.00  |              0.00  |              0.00  |              0.00  |              0.00  |                0.00  |
|     |                                    | P-NHE02.0-D-CMP63.3000   |        1,152,476.00  |        1,152,476.00  |                0.00  |                0.00  |                0.00  |              0.00  |              0.00  |              0.00  |              0.00  |              0.00  |                0.00  |
|     |                                    | P-NHE02.0-D-KWP63.3000   |        1,366,184.00  |        1,366,184.00  |                0.00  |                0.00  |                0.00  |              0.00  |              0.00  |              0.00  |              0.00  |              0.00  |                0.00  |
|     |                                    | P-NHE02.0-D-NHN63.3000   |        1,395,029.00  |        1,395,029.00  |                0.00  |                0.00  |                0.00  |              0.00  |              0.00  |              0.00  |              0.00  |              0.00  |                0.00  |
|     |                                    | P-NHE02.0-D-PKN63.3000   |          916,836.00  |          916,836.00  |                0.00  |                0.00  |                0.00  |              0.00  |              0.00  |              0.00  |              0.00  |              0.00  |                0.00  |
|     |                                    | P-NHE02.0-D-NBP63.3000   |          915,243.00  |          915,243.00  |                0.00  |                0.00  |                0.00  |              0.00  |              0.00  |              0.00  |              0.00  |              0.00  |                0.00  |
|     |                                    | P-NHE02.0-D-BPI63.3000   |        2,638,543.50  |        2,638,543.50  |                0.00  |                0.00  |                0.00  |              0.00  |              0.00  |              0.00  |              0.00  |              0.00  |                0.00  |
|     |                                    | P-NHE02.0-D-BKA63.3000   |        1,754,371.00  |        1,754,371.00  |                0.00  |                0.00  |                0.00  |              0.00  |              0.00  |              0.00  |              0.00  |              0.00  |                0.00  |
|     |                                    | P-NHE02.0-D-UD263.3000   |        1,316,928.00  |        1,316,928.00  |                0.00  |                0.00  |                0.00  |              0.00  |              0.00  |              0.00  |              0.00  |              0.00  |                0.00  |
|     |                                    | P-NHE02.0-D-KK263.3000   |        2,938,538.50  |        2,938,538.50  |                0.00  |                0.00  |                0.00  |              0.00  |              0.00  |              0.00  |              0.00  |              0.00  |                0.00  |
|     |                                    | P-NHE02.0-D-SDD63.3000   |        1,084,746.00  |        1,084,746.00  |                0.00  |                0.00  |                0.00  |              0.00  |              0.00  |              0.00  |              0.00  |              0.00  |                0.00  |
--------------------------------------------------------------------------------------------------------------------------------------------------------------------------------------------------------------------------------------------------------------------------------------------------------------------------
|     | รวม จัดหาพัสดุ ปี 63 เพิ่มเติม                                |       58,459,079.00  |       58,459,079.00  |                0.00  |                0.00  |                0.00  |              0.00  |              0.00  |              0.00  |              0.00  |              0.00  |                0.00  |
--------------------------------------------------------------------------------------------------------------------------------------------------------------------------------------------------------------------------------------------------------------------------------------------------------------------------
ผู้ใช้    : E1NPNWSL01                                                                                                                              การไฟฟ้าส่วนภูมิภาค                                                                                                                              วันที่   : 01.07.2026
ไคลเอนท์  : PED-400                                                                                    รายงานผลการเบิกจ่ายการจัดซื้อพัสดุประเภทต่างๆงบลงทุนที่ทำเป็นโครงการ (งบ P-ควบคุมงบประมาณโดยรวม) ประจำเดือน ธ.ค. ปี 2569                                                                      เวลา     : 09:25:19
โปรแกรม   : ZBUDR085                                                                                                                   เขต การไฟฟ้าเขตภาคตะวันออกเฉียงเหนือ 1 อุดรธานี                                                                                                               หน้าที่  : 8
--------------------------------------------------------------------------------------------------------------------------------------------------------------------------------------------------------------------------------------------------------------------------------------------------------------------------

--------------------------------------------------------------------------------------------------------------------------------------------------------------------------------------------------------------------------------------------------------------------------------------------------------------------------
|                  รายการ                  |           WBS            |    วงเงินงบประมาณ    | จ่ายจริงถึง 31 ธ.ค.  |  วงเงินคงเหลือยกมา/  | จ่ายจริงสะสม สิ้นสุด |    วงเงินคงเหลือ     |                                     อยู่ระหว่างดำเนินการ (คงเหลือ)                                     |    วงเงินคงเหลือ     |
|                                          |                          |                      |                      |                      |                      |                      |---------------------------------------------------------------------------------------------------------                      |
|                                          |                          |       ตั้งต้น        |         2568         | ที่ได้รับจัดสรรในปี  |     ณ ธ.ค. 2569      |                      |         IR         |         GR         | วงเงินผูกพันใน SAP |         PO         |         PR         |   ยังไม่ดำเนินการ    |
|                                          |                          |         (1)          |         (2)          |     (3)=(1)-(2)      |         (4)          |     (5)=(3)-(4)      |        (6)         |        (7)         |  (8)=(5)-(6)-(7)   |        (9)         |        (10)        |  (11)=(8)-(9)-(10)   |
--------------------------------------------------------------------------------------------------------------------------------------------------------------------------------------------------------------------------------------------------------------------------------------------------------------------------
|     | จัดซื้อพัสดุรอง ปี 2563            | P-NHE02.0-D-POP63.6000   |                0.00  |                0.00  |                0.00  |                0.00  |                0.00  |              0.00  |              0.00  |              0.00  |              0.00  |              0.00  |                0.00  |
|     |                                    | P-NHE02.0-D-ACT63.6000   |       11,684,686.72  |       11,684,686.72  |                0.00  |                0.00  |                0.00  |              0.00  |              0.00  |              0.00  |              0.00  |              0.00  |                0.00  |
--------------------------------------------------------------------------------------------------------------------------------------------------------------------------------------------------------------------------------------------------------------------------------------------------------------------------
|     | รวม จัดซื้อพัสดุรอง ปี 2563                                   |       11,684,686.72  |       11,684,686.72  |                0.00  |                0.00  |                0.00  |              0.00  |              0.00  |              0.00  |              0.00  |              0.00  |                0.00  |
--------------------------------------------------------------------------------------------------------------------------------------------------------------------------------------------------------------------------------------------------------------------------------------------------------------------------
|     | จัดหาคอนกรีต ปี 66 เพิ่มเติม       | P-NHE02.0-D-POP66.2000   |                0.00  |                0.00  |                0.00  |                0.00  |                0.00  |              0.00  |              0.00  |              0.00  |              0.00  |              0.00  |                0.00  |
|     |                                    | P-NHE02.0-D-KK266.2000   |        3,769,297.00  |        3,769,297.00  |                0.00  |                0.00  |                0.00  |              0.00  |              0.00  |              0.00  |              0.00  |              0.00  |                0.00  |
|     |                                    | P-NHE02.0-D-SKK66.2000   |        2,782,020.00  |        2,782,020.00  |                0.00  |                0.00  |                0.00  |              0.00  |              0.00  |              0.00  |              0.00  |              0.00  |                0.00  |
|     |                                    | P-NHE02.0-D-UDN66.2000   |        1,068,600.00  |        1,068,600.00  |                0.00  |                0.00  |                0.00  |              0.00  |              0.00  |              0.00  |              0.00  |              0.00  |                0.00  |
|     |                                    | P-NHE02.0-D-NKY66.2000   |        1,253,000.00  |        1,253,000.00  |                0.00  |                0.00  |                0.00  |              0.00  |              0.00  |              0.00  |              0.00  |              0.00  |                0.00  |
|     |                                    | P-NHE02.0-D-KKN66.2000   |          439,200.00  |          439,200.00  |                0.00  |                0.00  |                0.00  |              0.00  |              0.00  |              0.00  |              0.00  |              0.00  |                0.00  |
|     |                                    | P-NHE02.0-D-LOE66.2000   |        2,514,600.00  |        2,514,600.00  |                0.00  |                0.00  |                0.00  |              0.00  |              0.00  |              0.00  |              0.00  |              0.00  |                0.00  |
|     |                                    | P-NHE02.0-D-NPN66.2000   |          905,200.00  |          905,200.00  |                0.00  |                0.00  |                0.00  |              0.00  |              0.00  |              0.00  |              0.00  |              0.00  |                0.00  |
|     |                                    | P-NHE02.0-D-CMP66.2000   |          712,400.00  |          712,400.00  |                0.00  |                0.00  |                0.00  |              0.00  |              0.00  |              0.00  |              0.00  |              0.00  |                0.00  |
|     |                                    | P-NHE02.0-D-KWP66.2000   |          778,300.00  |          778,300.00  |                0.00  |                0.00  |                0.00  |              0.00  |              0.00  |              0.00  |              0.00  |              0.00  |                0.00  |
|     |                                    | P-NHE02.0-D-NHN66.2000   |          778,500.00  |          778,500.00  |                0.00  |                0.00  |                0.00  |              0.00  |              0.00  |              0.00  |              0.00  |              0.00  |                0.00  |
|     |                                    | P-NHE02.0-D-PKN66.2000   |        2,454,740.00  |        2,454,740.00  |                0.00  |                0.00  |                0.00  |              0.00  |              0.00  |              0.00  |              0.00  |              0.00  |                0.00  |
|     |                                    | P-NHE02.0-D-NBP66.2000   |        1,540,600.00  |        1,540,600.00  |                0.00  |                0.00  |                0.00  |              0.00  |              0.00  |              0.00  |              0.00  |              0.00  |                0.00  |
|     |                                    | P-NHE02.0-D-BPI66.2000   |          601,626.00  |          601,626.00  |                0.00  |                0.00  |                0.00  |              0.00  |              0.00  |              0.00  |              0.00  |              0.00  |                0.00  |
|     |                                    | P-NHE02.0-D-BKA66.2000   |        1,200,800.00  |        1,200,800.00  |                0.00  |                0.00  |                0.00  |              0.00  |              0.00  |              0.00  |              0.00  |              0.00  |                0.00  |
|     |                                    | P-NHE02.0-D-UD266.2000   |        1,556,400.00  |        1,556,400.00  |                0.00  |                0.00  |                0.00  |              0.00  |              0.00  |              0.00  |              0.00  |              0.00  |                0.00  |
|     |                                    | P-NHE02.0-D-SDD66.2000   |        1,422,860.00  |        1,422,860.00  |                0.00  |                0.00  |                0.00  |              0.00  |              0.00  |              0.00  |              0.00  |              0.00  |                0.00  |
--------------------------------------------------------------------------------------------------------------------------------------------------------------------------------------------------------------------------------------------------------------------------------------------------------------------------
|     | รวม จัดหาคอนกรีต ปี 66 เพิ่มเติม                              |       23,778,143.00  |       23,778,143.00  |                0.00  |                0.00  |                0.00  |              0.00  |              0.00  |              0.00  |              0.00  |              0.00  |                0.00  |
--------------------------------------------------------------------------------------------------------------------------------------------------------------------------------------------------------------------------------------------------------------------------------------------------------------------------
|     | จัดหาพัสดุ METER (E) ปี 66 เพิ่มเต | P-NHE02.0-D-POP66.3000   |                0.00  |                0.00  |                0.00  |                0.00  |                0.00  |              0.00  |              0.00  |              0.00  |              0.00  |              0.00  |                0.00  |
|     |                                    | P-NHE02.0-D-BPO66.3000   |          905,280.00  |          905,280.00  |                0.00  |                0.00  |                0.00  |              0.00  |              0.00  |              0.00  |              0.00  |              0.00  |                0.00  |
|     |                                    | P-NHE02.0-D-NWS66.3000   |          859,200.00  |          859,200.00  |                0.00  |                0.00  |                0.00  |              0.00  |              0.00  |              0.00  |              0.00  |              0.00  |                0.00  |
|     |                                    | P-NHE02.0-D-KJA66.3000   |          452,640.00  |          452,640.00  |                0.00  |                0.00  |                0.00  |              0.00  |              0.00  |              0.00  |              0.00  |              0.00  |                0.00  |
|     |                                    | P-NHE02.0-D-TBO66.3000   |          905,280.00  |          905,280.00  |                0.00  |                0.00  |                0.00  |              0.00  |              0.00  |              0.00  |              0.00  |              0.00  |                0.00  |
|     |                                    | P-NHE02.0-D-PPS66.3000   |          905,280.00  |          905,280.00  |                0.00  |                0.00  |                0.00  |              0.00  |              0.00  |              0.00  |              0.00  |              0.00  |                0.00  |
|     |                                    | P-NHE02.0-D-NPG66.3000   |          905,280.00  |          905,280.00  |                0.00  |                0.00  |                0.00  |              0.00  |              0.00  |              0.00  |              0.00  |              0.00  |                0.00  |
|     |                                    | P-NHE02.0-D-KNA66.3000   |          452,640.00  |          452,640.00  |                0.00  |                0.00  |                0.00  |              0.00  |              0.00  |              0.00  |              0.00  |              0.00  |                0.00  |
|     |                                    | P-NHE02.0-D-WSP66.3000   |          452,640.00  |          452,640.00  |                0.00  |                0.00  |                0.00  |              0.00  |              0.00  |              0.00  |              0.00  |              0.00  |                0.00  |
|     |                                    | P-NHE02.0-D-CCK66.3000   |          452,640.00  |          452,640.00  |                0.00  |                0.00  |                0.00  |              0.00  |              0.00  |              0.00  |              0.00  |              0.00  |                0.00  |
|     |                                    | P-NHE02.0-D-DSI66.3000   |          859,200.00  |          859,200.00  |                0.00  |                0.00  |                0.00  |              0.00  |              0.00  |              0.00  |              0.00  |              0.00  |                0.00  |
|     |                                    | P-NHE02.0-D-AAN66.3000   |        1,357,920.00  |        1,357,920.00  |                0.00  |                0.00  |                0.00  |              0.00  |              0.00  |              0.00  |              0.00  |              0.00  |                0.00  |
|     |                                    | P-NHE02.0-D-PNH66.3000   |          901,550.00  |          901,550.00  |                0.00  |                0.00  |                0.00  |              0.00  |              0.00  |              0.00  |              0.00  |              0.00  |                0.00  |
|     |                                    | P-NHE02.0-D-TPN66.3000   |          859,200.00  |          859,200.00  |                0.00  |                0.00  |                0.00  |              0.00  |              0.00  |              0.00  |              0.00  |              0.00  |                0.00  |
|     |                                    | P-NHE02.0-D-NGE66.3000   |          552,586.00  |          552,586.00  |                0.00  |                0.00  |                0.00  |              0.00  |              0.00  |              0.00  |              0.00  |              0.00  |                0.00  |
|     |                                    | P-NHE02.0-D-BPG66.3000   |          452,640.00  |          452,640.00  |                0.00  |                0.00  |                0.00  |              0.00  |              0.00  |              0.00  |              0.00  |              0.00  |                0.00  |
|     |                                    | P-NHE02.0-D-PHW66.3000   |          905,280.00  |          905,280.00  |                0.00  |                0.00  |                0.00  |              0.00  |              0.00  |              0.00  |              0.00  |              0.00  |                0.00  |
|     |                                    | P-NHE02.0-D-NOR66.3000   |          452,640.00  |          452,640.00  |                0.00  |                0.00  |                0.00  |              0.00  |              0.00  |              0.00  |              0.00  |              0.00  |                0.00  |
|     |                                    | P-NHE02.0-D-BND66.3000   |          452,640.00  |          452,640.00  |                0.00  |                0.00  |                0.00  |              0.00  |              0.00  |              0.00  |              0.00  |              0.00  |                0.00  |
|     |                                    | P-NHE02.0-D-WAN66.3000   |          859,200.00  |          859,200.00  |                0.00  |                0.00  |                0.00  |              0.00  |              0.00  |              0.00  |              0.00  |              0.00  |                0.00  |
|     |                                    | P-NHE02.0-D-SBU66.3000   |        1,357,920.00  |        1,357,920.00  |                0.00  |                0.00  |                0.00  |              0.00  |              0.00  |              0.00  |              0.00  |              0.00  |                0.00  |
|     |                                    | P-NHE02.0-D-NKL66.3000   |        1,357,920.00  |        1,357,920.00  |                0.00  |                0.00  |                0.00  |              0.00  |              0.00  |              0.00  |              0.00  |              0.00  |                0.00  |
|     |                                    | P-NHE02.0-D-POL66.3000   |          859,200.00  |          859,200.00  |                0.00  |                0.00  |                0.00  |              0.00  |              0.00  |              0.00  |              0.00  |              0.00  |                0.00  |
|     |                                    | P-NHE02.0-D-MJK66.3000   |          452,640.00  |          452,640.00  |                0.00  |                0.00  |                0.00  |              0.00  |              0.00  |              0.00  |              0.00  |              0.00  |                0.00  |
|     |                                    | P-NHE02.0-D-NSH66.3000   |          452,640.00  |          452,640.00  |                0.00  |                0.00  |                0.00  |              0.00  |              0.00  |              0.00  |              0.00  |              0.00  |                0.00  |
|     |                                    | P-NHE02.0-D-SEK66.3000   |          452,640.00  |          452,640.00  |                0.00  |                0.00  |                0.00  |              0.00  |              0.00  |              0.00  |              0.00  |              0.00  |                0.00  |
|     |                                    | P-NHE02.0-D-BHA66.3000   |          859,200.00  |          859,200.00  |                0.00  |                0.00  |                0.00  |              0.00  |              0.00  |              0.00  |              0.00  |              0.00  |                0.00  |
|     |                                    | P-NHE02.0-D-PEN66.3000   |          452,640.00  |          452,640.00  |                0.00  |                0.00  |                0.00  |              0.00  |              0.00  |              0.00  |              0.00  |              0.00  |                0.00  |
--------------------------------------------------------------------------------------------------------------------------------------------------------------------------------------------------------------------------------------------------------------------------------------------------------------------------
ผู้ใช้    : E1NPNWSL01                                                                                                                              การไฟฟ้าส่วนภูมิภาค                                                                                                                              วันที่   : 01.07.2026
ไคลเอนท์  : PED-400                                                                                    รายงานผลการเบิกจ่ายการจัดซื้อพัสดุประเภทต่างๆงบลงทุนที่ทำเป็นโครงการ (งบ P-ควบคุมงบประมาณโดยรวม) ประจำเดือน ธ.ค. ปี 2569                                                                      เวลา     : 09:25:19
โปรแกรม   : ZBUDR085                                                                                                                   เขต การไฟฟ้าเขตภาคตะวันออกเฉียงเหนือ 1 อุดรธานี                                                                                                               หน้าที่  : 9
--------------------------------------------------------------------------------------------------------------------------------------------------------------------------------------------------------------------------------------------------------------------------------------------------------------------------

--------------------------------------------------------------------------------------------------------------------------------------------------------------------------------------------------------------------------------------------------------------------------------------------------------------------------
|                  รายการ                  |           WBS            |    วงเงินงบประมาณ    | จ่ายจริงถึง 31 ธ.ค.  |  วงเงินคงเหลือยกมา/  | จ่ายจริงสะสม สิ้นสุด |    วงเงินคงเหลือ     |                                     อยู่ระหว่างดำเนินการ (คงเหลือ)                                     |    วงเงินคงเหลือ     |
|                                          |                          |                      |                      |                      |                      |                      |---------------------------------------------------------------------------------------------------------                      |
|                                          |                          |       ตั้งต้น        |         2568         | ที่ได้รับจัดสรรในปี  |     ณ ธ.ค. 2569      |                      |         IR         |         GR         | วงเงินผูกพันใน SAP |         PO         |         PR         |   ยังไม่ดำเนินการ    |
|                                          |                          |         (1)          |         (2)          |     (3)=(1)-(2)      |         (4)          |     (5)=(3)-(4)      |        (6)         |        (7)         |  (8)=(5)-(6)-(7)   |        (9)         |        (10)        |  (11)=(8)-(9)-(10)   |
--------------------------------------------------------------------------------------------------------------------------------------------------------------------------------------------------------------------------------------------------------------------------------------------------------------------------
|     | รวม จัดหาพัสดุ METER (E) ปี 66 เพิ่มเติม                      |       20,188,536.00  |       20,188,536.00  |                0.00  |                0.00  |                0.00  |              0.00  |              0.00  |              0.00  |              0.00  |              0.00  |                0.00  |
--------------------------------------------------------------------------------------------------------------------------------------------------------------------------------------------------------------------------------------------------------------------------------------------------------------------------
|     | จัดซื้อพัสดุขาดแคลน                | P-NHE02.0-D-POPBG.1000   |                0.00  |                0.00  |                0.00  |                0.00  |                0.00  |              0.00  |              0.00  |              0.00  |              0.00  |              0.00  |                0.00  |
|     |                                    | P-NHE02.0-D-UDNXX.1000   |        5,571,300.00  |        5,571,300.00  |                0.00  |                0.00  |                0.00  |              0.00  |              0.00  |              0.00  |              0.00  |              0.00  |                0.00  |
|     |                                    | P-NHE02.0-D-NKYXX.1000   |        5,798,556.00  |        5,798,556.00  |                0.00  |                0.00  |                0.00  |              0.00  |              0.00  |              0.00  |              0.00  |              0.00  |                0.00  |
|     |                                    | P-NHE02.0-D-KKNXX.1000   |        4,380,765.00  |        4,380,765.00  |                0.00  |                0.00  |                0.00  |              0.00  |              0.00  |              0.00  |              0.00  |              0.00  |                0.00  |
|     |                                    | P-NHE02.0-D-LOEXX.1000   |        9,534,405.10  |        9,534,405.10  |                0.00  |                0.00  |                0.00  |              0.00  |              0.00  |              0.00  |              0.00  |              0.00  |                0.00  |
|     |                                    | P-NHE02.0-D-SKKXX.1000   |       23,736,870.60  |       23,736,870.60  |                0.00  |                0.00  |                0.00  |              0.00  |              0.00  |              0.00  |              0.00  |              0.00  |                0.00  |
|     |                                    | P-NHE02.0-D-NPNXX.1000   |       10,004,052.00  |       10,004,052.00  |                0.00  |                0.00  |                0.00  |              0.00  |              0.00  |              0.00  |              0.00  |              0.00  |                0.00  |
|     |                                    | P-NHE02.0-D-CMPXX.1000   |        4,654,620.00  |        4,654,620.00  |                0.00  |                0.00  |                0.00  |              0.00  |              0.00  |              0.00  |              0.00  |              0.00  |                0.00  |
|     |                                    | P-NHE02.0-D-KWPXX.1000   |        4,106,476.00  |        4,106,476.00  |                0.00  |                0.00  |                0.00  |              0.00  |              0.00  |              0.00  |              0.00  |              0.00  |                0.00  |
|     |                                    | P-NHE02.0-D-NHNXX.1000   |        6,187,145.46  |        6,187,145.46  |                0.00  |                0.00  |                0.00  |              0.00  |              0.00  |              0.00  |              0.00  |              0.00  |                0.00  |
|     |                                    | P-NHE02.0-D-PKNXX.1000   |       19,457,888.00  |       19,457,888.00  |                0.00  |                0.00  |                0.00  |              0.00  |              0.00  |              0.00  |              0.00  |              0.00  |                0.00  |
|     |                                    | P-NHE02.0-D-NBPXX.1000   |        4,055,359.00  |        4,055,359.00  |                0.00  |                0.00  |                0.00  |              0.00  |              0.00  |              0.00  |              0.00  |              0.00  |                0.00  |
|     |                                    | P-NHE02.0-D-BPIXX.1000   |        9,797,870.00  |        9,797,870.00  |                0.00  |                0.00  |                0.00  |              0.00  |              0.00  |              0.00  |              0.00  |              0.00  |                0.00  |
|     |                                    | P-NHE02.0-D-BKAXX.1000   |        8,259,175.00  |        8,259,175.00  |                0.00  |                0.00  |                0.00  |              0.00  |              0.00  |              0.00  |              0.00  |              0.00  |                0.00  |
|     |                                    | P-NHE02.0-D-KK2XX.1000   |        6,279,060.00  |        6,279,060.00  |                0.00  |                0.00  |                0.00  |              0.00  |              0.00  |              0.00  |              0.00  |              0.00  |                0.00  |
|     |                                    | P-NHE02.0-D-UD2XX.1000   |        3,995,250.00  |        3,995,250.00  |                0.00  |                0.00  |                0.00  |              0.00  |              0.00  |              0.00  |              0.00  |              0.00  |                0.00  |
|     |                                    | P-NHE02.0-D-SDDXX.1000   |        4,089,660.00  |        4,089,660.00  |                0.00  |                0.00  |                0.00  |              0.00  |              0.00  |              0.00  |              0.00  |              0.00  |                0.00  |
--------------------------------------------------------------------------------------------------------------------------------------------------------------------------------------------------------------------------------------------------------------------------------------------------------------------------
|     | รวม จัดซื้อพัสดุขาดแคลน                                       |      129,908,452.16  |      129,908,452.16  |                0.00  |                0.00  |                0.00  |              0.00  |              0.00  |              0.00  |              0.00  |              0.00  |                0.00  |
--------------------------------------------------------------------------------------------------------------------------------------------------------------------------------------------------------------------------------------------------------------------------------------------------------------------------
|     | จัดหาผลิตภัณฑ์คอนกรีต              | P-NHE02.0-D-POPBG.2000   |                0.00  |                0.00  |                0.00  |                0.00  |                0.00  |              0.00  |              0.00  |              0.00  |              0.00  |              0.00  |                0.00  |
|     |                                    | P-NHE02.0-D-UDNXX.2000   |        3,002,165.00  |        3,002,165.00  |                0.00  |                0.00  |                0.00  |              0.00  |              0.00  |              0.00  |              0.00  |              0.00  |                0.00  |
|     |                                    | P-NHE02.0-D-UD2XX.2000   |        3,241,302.00  |        3,241,302.00  |                0.00  |                0.00  |                0.00  |              0.00  |              0.00  |              0.00  |              0.00  |              0.00  |                0.00  |
|     |                                    | P-NHE02.0-D-NKYXX.2000   |        7,935,362.00  |        7,935,362.00  |                0.00  |                0.00  |                0.00  |              0.00  |              0.00  |              0.00  |              0.00  |              0.00  |                0.00  |
|     |                                    | P-NHE02.0-D-KKNXX.2000   |        3,587,451.00  |        3,587,451.00  |                0.00  |                0.00  |                0.00  |              0.00  |              0.00  |              0.00  |              0.00  |              0.00  |                0.00  |
|     |                                    | P-NHE02.0-D-KK2XX.2000   |        5,608,436.00  |        5,608,436.00  |                0.00  |                0.00  |                0.00  |              0.00  |              0.00  |              0.00  |              0.00  |              0.00  |                0.00  |
|     |                                    | P-NHE02.0-D-LOEXX.2000   |        9,156,972.00  |        9,156,972.00  |                0.00  |                0.00  |                0.00  |              0.00  |              0.00  |              0.00  |              0.00  |              0.00  |                0.00  |
|     |                                    | P-NHE02.0-D-SKKXX.2000   |       13,424,029.00  |       13,424,029.00  |                0.00  |                0.00  |                0.00  |              0.00  |              0.00  |              0.00  |              0.00  |              0.00  |                0.00  |
|     |                                    | P-NHE02.0-D-NPNXX.2000   |       10,651,327.00  |       10,651,327.00  |                0.00  |                0.00  |                0.00  |              0.00  |              0.00  |              0.00  |              0.00  |              0.00  |                0.00  |
|     |                                    | P-NHE02.0-D-CMPXX.2000   |        3,987,963.00  |        3,987,963.00  |                0.00  |                0.00  |                0.00  |              0.00  |              0.00  |              0.00  |              0.00  |              0.00  |                0.00  |
|     |                                    | P-NHE02.0-D-KWPXX.2000   |        1,897,939.00  |        1,897,939.00  |                0.00  |                0.00  |                0.00  |              0.00  |              0.00  |              0.00  |              0.00  |              0.00  |                0.00  |
|     |                                    | P-NHE02.0-D-NHNXX.2000   |        7,093,044.00  |        7,093,044.00  |                0.00  |                0.00  |                0.00  |              0.00  |              0.00  |              0.00  |              0.00  |              0.00  |                0.00  |
|     |                                    | P-NHE02.0-D-PKNXX.2000   |        7,871,148.00  |        7,871,148.00  |                0.00  |                0.00  |                0.00  |              0.00  |              0.00  |              0.00  |              0.00  |              0.00  |                0.00  |
|     |                                    | P-NHE02.0-D-NBPXX.2000   |        3,648,090.00  |        3,648,090.00  |                0.00  |                0.00  |                0.00  |              0.00  |              0.00  |              0.00  |              0.00  |              0.00  |                0.00  |
|     |                                    | P-NHE02.0-D-BKAXX.2000   |        6,913,599.00  |        6,913,599.00  |                0.00  |                0.00  |                0.00  |              0.00  |              0.00  |              0.00  |              0.00  |              0.00  |                0.00  |
|     |                                    | P-NHE02.0-D-ACTXX.2000   |        9,750,600.00  |        9,750,600.00  |                0.00  |                0.00  |                0.00  |              0.00  |              0.00  |              0.00  |              0.00  |              0.00  |                0.00  |
|     |                                    | P-NHE02.0-D-BPIXX.2000   |       12,115,419.00  |       12,115,419.00  |                0.00  |                0.00  |                0.00  |              0.00  |              0.00  |              0.00  |              0.00  |              0.00  |                0.00  |
|     |                                    | P-NHE02.0-D-SDDXX.2000   |        2,237,590.00  |        2,237,590.00  |                0.00  |                0.00  |                0.00  |              0.00  |              0.00  |              0.00  |              0.00  |              0.00  |                0.00  |
--------------------------------------------------------------------------------------------------------------------------------------------------------------------------------------------------------------------------------------------------------------------------------------------------------------------------
|     | รวม จัดหาผลิตภัณฑ์คอนกรีต                                     |      112,122,436.00  |      112,122,436.00  |                0.00  |                0.00  |                0.00  |              0.00  |              0.00  |              0.00  |              0.00  |              0.00  |                0.00  |
--------------------------------------------------------------------------------------------------------------------------------------------------------------------------------------------------------------------------------------------------------------------------------------------------------------------------
|     | รวม คฟม.2                                                     |      444,450,803.82  |      444,450,803.82  |                0.00  |                0.00  |                0.00  |              0.00  |              0.00  |              0.00  |              0.00  |              0.00  |                0.00  |
--------------------------------------------------------------------------------------------------------------------------------------------------------------------------------------------------------------------------------------------------------------------------------------------------------------------------
|  9  | คพจ.2 (แผน 1)                      |                          |                      |                      |                      |                      |                      |                    |                    |                    |                    |                    |                      |
|     | จัดซื้อพัสดุรอง ปี 2566            | P-TDD02.1-D-POP66.6000   |                0.00  |                0.00  |                0.00  |                0.00  |                0.00  |              0.00  |              0.00  |              0.00  |              0.00  |              0.00  |                0.00  |
|     |                                    | P-TDD02.1-D-ACT66.6000   |        6,714,082.15  |        6,714,082.15  |                0.00  |                0.00  |                0.00  |              0.00  |              0.00  |              0.00  |              0.00  |              0.00  |                0.00  |
|     |                                    | P-TDD02.1-D-NPN66.6000   |          465,000.00  |          465,000.00  |                0.00  |                0.00  |                0.00  |              0.00  |              0.00  |              0.00  |              0.00  |              0.00  |                0.00  |
|     |                                    | P-TDD02.1-D-PKN66.6000   |           22,170.00  |           22,170.00  |                0.00  |                0.00  |                0.00  |              0.00  |              0.00  |              0.00  |              0.00  |              0.00  |                0.00  |
|     |                                    | P-TDD02.1-D-UDN66.6000   |           22,170.00  |           22,170.00  |                0.00  |                0.00  |                0.00  |              0.00  |              0.00  |              0.00  |              0.00  |              0.00  |                0.00  |
|     |                                    | P-TDD02.1-D-NKY66.6000   |          449,934.00  |          449,934.00  |                0.00  |                0.00  |                0.00  |              0.00  |              0.00  |              0.00  |              0.00  |              0.00  |                0.00  |
|     |                                    | P-TDD02.1-D-LOE66.6000   |          372,000.00  |          372,000.00  |                0.00  |                0.00  |                0.00  |              0.00  |              0.00  |              0.00  |              0.00  |              0.00  |                0.00  |
|     |                                    | P-TDD02.1-D-BPI66.6000   |          465,000.00  |          465,000.00  |                0.00  |                0.00  |                0.00  |              0.00  |              0.00  |              0.00  |              0.00  |              0.00  |                0.00  |
ผู้ใช้    : E1NPNWSL01                                                                                                                              การไฟฟ้าส่วนภูมิภาค                                                                                                                              วันที่   : 01.07.2026
ไคลเอนท์  : PED-400                                                                                    รายงานผลการเบิกจ่ายการจัดซื้อพัสดุประเภทต่างๆงบลงทุนที่ทำเป็นโครงการ (งบ P-ควบคุมงบประมาณโดยรวม) ประจำเดือน ธ.ค. ปี 2569                                                                      เวลา     : 09:25:19
โปรแกรม   : ZBUDR085                                                                                                                   เขต การไฟฟ้าเขตภาคตะวันออกเฉียงเหนือ 1 อุดรธานี                                                                                                               หน้าที่  : 10
--------------------------------------------------------------------------------------------------------------------------------------------------------------------------------------------------------------------------------------------------------------------------------------------------------------------------

--------------------------------------------------------------------------------------------------------------------------------------------------------------------------------------------------------------------------------------------------------------------------------------------------------------------------
|                  รายการ                  |           WBS            |    วงเงินงบประมาณ    | จ่ายจริงถึง 31 ธ.ค.  |  วงเงินคงเหลือยกมา/  | จ่ายจริงสะสม สิ้นสุด |    วงเงินคงเหลือ     |                                     อยู่ระหว่างดำเนินการ (คงเหลือ)                                     |    วงเงินคงเหลือ     |
|                                          |                          |                      |                      |                      |                      |                      |---------------------------------------------------------------------------------------------------------                      |
|                                          |                          |       ตั้งต้น        |         2568         | ที่ได้รับจัดสรรในปี  |     ณ ธ.ค. 2569      |                      |         IR         |         GR         | วงเงินผูกพันใน SAP |         PO         |         PR         |   ยังไม่ดำเนินการ    |
|                                          |                          |         (1)          |         (2)          |     (3)=(1)-(2)      |         (4)          |     (5)=(3)-(4)      |        (6)         |        (7)         |  (8)=(5)-(6)-(7)   |        (9)         |        (10)        |  (11)=(8)-(9)-(10)   |
--------------------------------------------------------------------------------------------------------------------------------------------------------------------------------------------------------------------------------------------------------------------------------------------------------------------------
|     |                                    | P-TDD02.1-D-BKA66.6000   |          372,000.00  |          372,000.00  |                0.00  |                0.00  |                0.00  |              0.00  |              0.00  |              0.00  |              0.00  |              0.00  |                0.00  |
--------------------------------------------------------------------------------------------------------------------------------------------------------------------------------------------------------------------------------------------------------------------------------------------------------------------------
|     | รวม จัดซื้อพัสดุรอง ปี 2566                                   |        8,882,356.15  |        8,882,356.15  |                0.00  |                0.00  |                0.00  |              0.00  |              0.00  |              0.00  |              0.00  |              0.00  |                0.00  |
--------------------------------------------------------------------------------------------------------------------------------------------------------------------------------------------------------------------------------------------------------------------------------------------------------------------------
|     | รวม คพจ.2 (แผน 1)                                             |        8,882,356.15  |        8,882,356.15  |                0.00  |                0.00  |                0.00  |              0.00  |              0.00  |              0.00  |              0.00  |              0.00  |                0.00  |
--------------------------------------------------------------------------------------------------------------------------------------------------------------------------------------------------------------------------------------------------------------------------------------------------------------------------
| 10  | คพจ.2 (แผน 3)                      |                          |                      |                      |                      |                      |                      |                    |                    |                    |                    |                    |                      |
|     | จัดซื้อพัสดุรอง ปี 2567            | P-TDD02.3-D-AED67.6000   |                0.00  |                0.00  |                0.00  |                0.00  |                0.00  |              0.00  |              0.00  |              0.00  |              0.00  |              0.00  |                0.00  |
|     |                                    | P-TDD02.3-D-IMD67.6000   |       11,485,031.96  |       11,485,031.96  |                0.00  |                0.00  |                0.00  |              0.00  |              0.00  |              0.00  |              0.00  |              0.00  |                0.00  |
--------------------------------------------------------------------------------------------------------------------------------------------------------------------------------------------------------------------------------------------------------------------------------------------------------------------------
|     | รวม จัดซื้อพัสดุรอง ปี 2567                                   |       11,485,031.96  |       11,485,031.96  |                0.00  |                0.00  |                0.00  |              0.00  |              0.00  |              0.00  |              0.00  |              0.00  |                0.00  |
--------------------------------------------------------------------------------------------------------------------------------------------------------------------------------------------------------------------------------------------------------------------------------------------------------------------------
|     | พัสดุขาดแคลนอนุมัติหลังต.ค.66      | P-TDD02.3-D-AEDBG.1000   |           60,803.10  |                0.00  |           60,803.10  |                0.00  |           60,803.10  |              0.00  |              0.00  |         60,803.10  |              0.00  |              0.00  |           60,803.10  |
|     |                                    | P-TDD02.3-D-UDNBG.1000   |        1,740,776.50  |        1,740,776.50  |                0.00  |                0.00  |                0.00  |              0.00  |              0.00  |              0.00  |              0.00  |              0.00  |                0.00  |
|     |                                    | P-TDD02.3-D-NKYBG.1000   |        1,406,988.00  |        1,406,988.00  |                0.00  |                0.00  |                0.00  |              0.00  |              0.00  |              0.00  |              0.00  |              0.00  |                0.00  |
|     |                                    | P-TDD02.3-D-KKNBG.1000   |        1,889,302.00  |        1,889,302.00  |                0.00  |                0.00  |                0.00  |              0.00  |              0.00  |              0.00  |              0.00  |              0.00  |                0.00  |
|     |                                    | P-TDD02.3-D-LOEBG.1000   |        1,332,966.00  |        1,332,966.00  |                0.00  |                0.00  |                0.00  |              0.00  |              0.00  |              0.00  |              0.00  |              0.00  |                0.00  |
|     |                                    | P-TDD02.3-D-SKKBG.1000   |        2,386,551.00  |        2,275,191.00  |          111,360.00  |          111,360.00  |                0.00  |              0.00  |              0.00  |              0.00  |              0.00  |              0.00  |                0.00  |
|     |                                    | P-TDD02.3-D-NPNBG.1000   |        1,718,340.00  |        1,718,340.00  |                0.00  |                0.00  |                0.00  |              0.00  |              0.00  |              0.00  |              0.00  |              0.00  |                0.00  |
|     |                                    | P-TDD02.3-D-CMPBG.1000   |          883,430.00  |          883,430.00  |                0.00  |                0.00  |                0.00  |              0.00  |              0.00  |              0.00  |              0.00  |              0.00  |                0.00  |
|     |                                    | P-TDD02.3-D-KWPBG.1000   |        1,024,870.00  |        1,024,870.00  |                0.00  |                0.00  |                0.00  |              0.00  |              0.00  |              0.00  |              0.00  |              0.00  |                0.00  |
|     |                                    | P-TDD02.3-D-NHNBG.1000   |        1,959,818.80  |        1,959,818.80  |                0.00  |                0.00  |                0.00  |              0.00  |              0.00  |              0.00  |              0.00  |              0.00  |                0.00  |
|     |                                    | P-TDD02.3-D-PKNBG.1000   |        1,140,457.00  |        1,140,457.00  |                0.00  |                0.00  |                0.00  |              0.00  |              0.00  |              0.00  |              0.00  |              0.00  |                0.00  |
|     |                                    | P-TDD02.3-D-NBPBG.1000   |        1,389,710.00  |        1,389,710.00  |                0.00  |                0.00  |                0.00  |              0.00  |              0.00  |              0.00  |              0.00  |              0.00  |                0.00  |
|     |                                    | P-TDD02.3-D-BPIBG.1000   |        1,553,980.40  |        1,553,980.40  |                0.00  |                0.00  |                0.00  |              0.00  |              0.00  |              0.00  |              0.00  |              0.00  |                0.00  |
|     |                                    | P-TDD02.3-D-BKABG.1000   |        1,500,140.00  |        1,500,140.00  |                0.00  |                0.00  |                0.00  |              0.00  |              0.00  |              0.00  |              0.00  |              0.00  |                0.00  |
|     |                                    | P-TDD02.3-D-KK2BG.1000   |        2,497,806.00  |        2,497,806.00  |                0.00  |                0.00  |                0.00  |              0.00  |              0.00  |              0.00  |              0.00  |              0.00  |                0.00  |
|     |                                    | P-TDD02.3-D-UD2BG.1000   |        1,935,766.20  |        1,935,766.20  |                0.00  |                0.00  |                0.00  |              0.00  |              0.00  |              0.00  |              0.00  |              0.00  |                0.00  |
|     |                                    | P-TDD02.3-D-SDDBG.1000   |        2,122,295.00  |        2,122,295.00  |                0.00  |                0.00  |                0.00  |              0.00  |              0.00  |              0.00  |              0.00  |              0.00  |                0.00  |
|     |                                    | P-TDD02.3-D-IMDBG.1000   |        4,012,000.00  |        4,012,000.00  |                0.00  |                0.00  |                0.00  |              0.00  |              0.00  |              0.00  |              0.00  |              0.00  |                0.00  |
|     |                                    | P-TDD02.3-D-WSPBG.1000   |          466,000.00  |          466,000.00  |                0.00  |                0.00  |                0.00  |              0.00  |              0.00  |              0.00  |              0.00  |              0.00  |                0.00  |
--------------------------------------------------------------------------------------------------------------------------------------------------------------------------------------------------------------------------------------------------------------------------------------------------------------------------
|     | รวม พัสดุขาดแคลนอนุมัติหลังต.ค.66                             |       31,022,000.00  |       30,849,836.90  |          172,163.10  |          111,360.00  |           60,803.10  |              0.00  |              0.00  |         60,803.10  |              0.00  |              0.00  |           60,803.10  |
--------------------------------------------------------------------------------------------------------------------------------------------------------------------------------------------------------------------------------------------------------------------------------------------------------------------------
|     | จัดซื้อผลิตภัณฑ์คอนกรีต(ตั้งแต่แผน | P-TDD02.3-D-AEDBG.2000   |            5,294.00  |                0.00  |            5,294.00  |                0.00  |            5,294.00  |              0.00  |              0.00  |          5,294.00  |              0.00  |              0.00  |            5,294.00  |
|     |                                    | P-TDD02.3-D-IMDXX.2000   |       19,545,858.00  |       19,545,858.00  |                0.00  |                0.00  |                0.00  |              0.00  |              0.00  |              0.00  |              0.00  |              0.00  |                0.00  |
|     |                                    | P-TDD02.3-D-KKNBG.2000   |          465,815.00  |                0.00  |          465,815.00  |                0.00  |          465,815.00  |              0.00  |              0.00  |        465,815.00  |        459,654.00  |              0.00  |            6,161.00  |
|     |                                    | P-TDD02.3-D-NPNBG.2000   |          465,815.00  |                0.00  |          465,815.00  |          465,780.00  |               35.00  |              0.00  |              0.00  |             35.00  |              0.00  |              0.00  |               35.00  |
|     |                                    | P-TDD02.3-D-NBPBG.2000   |          227,468.00  |                0.00  |          227,468.00  |          227,468.00  |                0.00  |              0.00  |              0.00  |              0.00  |              0.00  |              0.00  |                0.00  |
--------------------------------------------------------------------------------------------------------------------------------------------------------------------------------------------------------------------------------------------------------------------------------------------------------------------------
|     | รวม จัดซื้อผลิตภัณฑ์คอนกรีต(ตั้งแต่แผนปี 67)                  |       20,710,250.00  |       19,545,858.00  |        1,164,392.00  |          693,248.00  |          471,144.00  |              0.00  |              0.00  |        471,144.00  |        459,654.00  |              0.00  |           11,490.00  |
--------------------------------------------------------------------------------------------------------------------------------------------------------------------------------------------------------------------------------------------------------------------------------------------------------------------------
|     | จัดซื้อพัสดุรอง ปี 2565            | P-TDD02.3-D-POP65.6000   |                0.00  |                0.00  |                0.00  |                0.00  |                0.00  |              0.00  |              0.00  |              0.00  |              0.00  |              0.00  |                0.00  |
|     |                                    | P-TDD02.3-D-ACT65.6000   |      120,424,495.50  |      120,424,495.50  |                0.00  |                0.00  |                0.00  |              0.00  |              0.00  |              0.00  |              0.00  |              0.00  |                0.00  |
--------------------------------------------------------------------------------------------------------------------------------------------------------------------------------------------------------------------------------------------------------------------------------------------------------------------------
|     | รวม จัดซื้อพัสดุรอง ปี 2565                                   |      120,424,495.50  |      120,424,495.50  |                0.00  |                0.00  |                0.00  |              0.00  |              0.00  |              0.00  |              0.00  |              0.00  |                0.00  |
--------------------------------------------------------------------------------------------------------------------------------------------------------------------------------------------------------------------------------------------------------------------------------------------------------------------------
|     | พัสดุขาดแคลนอนุมัติก่อนต.ค.66      | P-TDD02.3-D-POPBG.1000   |                0.00  |                0.00  |                0.00  |                0.00  |                0.00  |              0.00  |              0.00  |              0.00  |              0.00  |              0.00  |                0.00  |
|     |                                    | P-TDD02.3-D-KKNXX.1000   |          503,280.00  |          503,280.00  |                0.00  |                0.00  |                0.00  |              0.00  |              0.00  |              0.00  |              0.00  |              0.00  |                0.00  |
|     |                                    | P-TDD02.3-D-NHNXX.1000   |        1,615,562.62  |        1,615,562.62  |                0.00  |                0.00  |                0.00  |              0.00  |              0.00  |              0.00  |              0.00  |              0.00  |                0.00  |
|     |                                    | P-TDD02.3-D-BPIXX.1000   |        2,952,826.00  |        2,952,826.00  |                0.00  |                0.00  |                0.00  |              0.00  |              0.00  |              0.00  |              0.00  |              0.00  |                0.00  |
|     |                                    | P-TDD02.3-D-LOEXX.1000   |        1,311,480.00  |        1,311,480.00  |                0.00  |                0.00  |                0.00  |              0.00  |              0.00  |              0.00  |              0.00  |              0.00  |                0.00  |
|     |                                    | P-TDD02.3-D-NPNXX.1000   |        1,069,193.00  |        1,069,193.00  |                0.00  |                0.00  |                0.00  |              0.00  |              0.00  |              0.00  |              0.00  |              0.00  |                0.00  |
|     |                                    | P-TDD02.3-D-NBPXX.1000   |        2,019,773.00  |        2,019,773.00  |                0.00  |                0.00  |                0.00  |              0.00  |              0.00  |              0.00  |              0.00  |              0.00  |                0.00  |
ผู้ใช้    : E1NPNWSL01                                                                                                                              การไฟฟ้าส่วนภูมิภาค                                                                                                                              วันที่   : 01.07.2026
ไคลเอนท์  : PED-400                                                                                    รายงานผลการเบิกจ่ายการจัดซื้อพัสดุประเภทต่างๆงบลงทุนที่ทำเป็นโครงการ (งบ P-ควบคุมงบประมาณโดยรวม) ประจำเดือน ธ.ค. ปี 2569                                                                      เวลา     : 09:25:19
โปรแกรม   : ZBUDR085                                                                                                                   เขต การไฟฟ้าเขตภาคตะวันออกเฉียงเหนือ 1 อุดรธานี                                                                                                               หน้าที่  : 11
--------------------------------------------------------------------------------------------------------------------------------------------------------------------------------------------------------------------------------------------------------------------------------------------------------------------------

--------------------------------------------------------------------------------------------------------------------------------------------------------------------------------------------------------------------------------------------------------------------------------------------------------------------------
|                  รายการ                  |           WBS            |    วงเงินงบประมาณ    | จ่ายจริงถึง 31 ธ.ค.  |  วงเงินคงเหลือยกมา/  | จ่ายจริงสะสม สิ้นสุด |    วงเงินคงเหลือ     |                                     อยู่ระหว่างดำเนินการ (คงเหลือ)                                     |    วงเงินคงเหลือ     |
|                                          |                          |                      |                      |                      |                      |                      |---------------------------------------------------------------------------------------------------------                      |
|                                          |                          |       ตั้งต้น        |         2568         | ที่ได้รับจัดสรรในปี  |     ณ ธ.ค. 2569      |                      |         IR         |         GR         | วงเงินผูกพันใน SAP |         PO         |         PR         |   ยังไม่ดำเนินการ    |
|                                          |                          |         (1)          |         (2)          |     (3)=(1)-(2)      |         (4)          |     (5)=(3)-(4)      |        (6)         |        (7)         |  (8)=(5)-(6)-(7)   |        (9)         |        (10)        |  (11)=(8)-(9)-(10)   |
--------------------------------------------------------------------------------------------------------------------------------------------------------------------------------------------------------------------------------------------------------------------------------------------------------------------------
|     |                                    | P-TDD02.3-D-CMPXX.1000   |        2,471,427.00  |        2,471,427.00  |                0.00  |                0.00  |                0.00  |              0.00  |              0.00  |              0.00  |              0.00  |              0.00  |                0.00  |
|     |                                    | P-TDD02.3-D-KWPXX.1000   |          104,940.00  |          104,940.00  |                0.00  |                0.00  |                0.00  |              0.00  |              0.00  |              0.00  |              0.00  |              0.00  |                0.00  |
|     |                                    | P-TDD02.3-D-UDNXX.1000   |        1,458,513.00  |        1,458,513.00  |                0.00  |                0.00  |                0.00  |              0.00  |              0.00  |              0.00  |              0.00  |              0.00  |                0.00  |
|     |                                    | P-TDD02.3-D-SKKXX.1000   |        1,235,846.00  |        1,235,846.00  |                0.00  |                0.00  |                0.00  |              0.00  |              0.00  |              0.00  |              0.00  |              0.00  |                0.00  |
|     |                                    | P-TDD02.3-D-UD2XX.1000   |        2,151,950.00  |        2,151,950.00  |                0.00  |                0.00  |                0.00  |              0.00  |              0.00  |              0.00  |              0.00  |              0.00  |                0.00  |
|     |                                    | P-TDD02.3-D-SDDXX.1000   |        1,174,744.00  |        1,174,744.00  |                0.00  |                0.00  |                0.00  |              0.00  |              0.00  |              0.00  |              0.00  |              0.00  |                0.00  |
|     |                                    | P-TDD02.3-D-BKAXX.1000   |          544,605.00  |          544,605.00  |                0.00  |                0.00  |                0.00  |              0.00  |              0.00  |              0.00  |              0.00  |              0.00  |                0.00  |
|     |                                    | P-TDD02.3-D-KK2XX.1000   |          377,420.00  |          377,420.00  |                0.00  |                0.00  |                0.00  |              0.00  |              0.00  |              0.00  |              0.00  |              0.00  |                0.00  |
--------------------------------------------------------------------------------------------------------------------------------------------------------------------------------------------------------------------------------------------------------------------------------------------------------------------------
|     | รวม พัสดุขาดแคลนอนุมัติก่อนต.ค.66                             |       18,991,559.62  |       18,991,559.62  |                0.00  |                0.00  |                0.00  |              0.00  |              0.00  |              0.00  |              0.00  |              0.00  |                0.00  |
--------------------------------------------------------------------------------------------------------------------------------------------------------------------------------------------------------------------------------------------------------------------------------------------------------------------------
|     | จัดซื้อผลิตภัณฑ์คอนกรีต(ถึงแผนปี 6 | P-TDD02.3-D-POPBG.2000   |                0.00  |                0.00  |                0.00  |                0.00  |                0.00  |              0.00  |              0.00  |              0.00  |              0.00  |              0.00  |                0.00  |
|     |                                    | P-TDD02.3-D-ACTXX.2000   |       98,610,817.10  |       98,610,817.10  |                0.00  |                0.00  |                0.00  |              0.00  |              0.00  |              0.00  |              0.00  |              0.00  |                0.00  |
|     |                                    | P-TDD02.3-D-UDNXX.2000   |        5,237,820.00  |        5,237,820.00  |                0.00  |                0.00  |                0.00  |              0.00  |              0.00  |              0.00  |              0.00  |              0.00  |                0.00  |
|     |                                    | P-TDD02.3-D-NKYXX.2000   |        4,227,212.00  |        4,227,212.00  |                0.00  |                0.00  |                0.00  |              0.00  |              0.00  |              0.00  |              0.00  |              0.00  |                0.00  |
|     |                                    | P-TDD02.3-D-KKNXX.2000   |        3,600,855.00  |        3,600,855.00  |                0.00  |                0.00  |                0.00  |              0.00  |              0.00  |              0.00  |              0.00  |              0.00  |                0.00  |
|     |                                    | P-TDD02.3-D-LOEXX.2000   |          984,694.00  |          984,694.00  |                0.00  |                0.00  |                0.00  |              0.00  |              0.00  |              0.00  |              0.00  |              0.00  |                0.00  |
|     |                                    | P-TDD02.3-D-SKKXX.2000   |        6,628,940.00  |        6,628,940.00  |                0.00  |                0.00  |                0.00  |              0.00  |              0.00  |              0.00  |              0.00  |              0.00  |                0.00  |
|     |                                    | P-TDD02.3-D-NPNXX.2000   |        4,222,869.00  |        4,222,869.00  |                0.00  |                0.00  |                0.00  |              0.00  |              0.00  |              0.00  |              0.00  |              0.00  |                0.00  |
|     |                                    | P-TDD02.3-D-CMPXX.2000   |        3,577,860.00  |        3,577,860.00  |                0.00  |                0.00  |                0.00  |              0.00  |              0.00  |              0.00  |              0.00  |              0.00  |                0.00  |
|     |                                    | P-TDD02.3-D-KWPXX.2000   |        3,382,995.00  |        3,382,995.00  |                0.00  |                0.00  |                0.00  |              0.00  |              0.00  |              0.00  |              0.00  |              0.00  |                0.00  |
|     |                                    | P-TDD02.3-D-NHNXX.2000   |        3,722,034.00  |        3,722,034.00  |                0.00  |                0.00  |                0.00  |              0.00  |              0.00  |              0.00  |              0.00  |              0.00  |                0.00  |
|     |                                    | P-TDD02.3-D-PKNXX.2000   |        4,223,460.00  |        4,223,460.00  |                0.00  |                0.00  |                0.00  |              0.00  |              0.00  |              0.00  |              0.00  |              0.00  |                0.00  |
|     |                                    | P-TDD02.3-D-NBPXX.2000   |        4,047,144.00  |        4,047,144.00  |                0.00  |                0.00  |                0.00  |              0.00  |              0.00  |              0.00  |              0.00  |              0.00  |                0.00  |
|     |                                    | P-TDD02.3-D-BPIXX.2000   |        4,049,320.00  |        4,049,320.00  |                0.00  |                0.00  |                0.00  |              0.00  |              0.00  |              0.00  |              0.00  |              0.00  |                0.00  |
|     |                                    | P-TDD02.3-D-BKAXX.2000   |        4,049,800.00  |        4,049,800.00  |                0.00  |                0.00  |                0.00  |              0.00  |              0.00  |              0.00  |              0.00  |              0.00  |                0.00  |
|     |                                    | P-TDD02.3-D-KK2XX.2000   |        3,184,840.00  |        3,184,840.00  |                0.00  |                0.00  |                0.00  |              0.00  |              0.00  |              0.00  |              0.00  |              0.00  |                0.00  |
|     |                                    | P-TDD02.3-D-UD2XX.2000   |        3,717,050.00  |        3,717,050.00  |                0.00  |                0.00  |                0.00  |              0.00  |              0.00  |              0.00  |              0.00  |              0.00  |                0.00  |
|     |                                    | P-TDD02.3-D-SDDXX.2000   |        3,379,828.00  |        3,379,828.00  |                0.00  |                0.00  |                0.00  |              0.00  |              0.00  |              0.00  |              0.00  |              0.00  |                0.00  |
--------------------------------------------------------------------------------------------------------------------------------------------------------------------------------------------------------------------------------------------------------------------------------------------------------------------------
|     | รวม จัดซื้อผลิตภัณฑ์คอนกรีต(ถึงแผนปี 66)                      |      160,847,538.10  |      160,847,538.10  |                0.00  |                0.00  |                0.00  |              0.00  |              0.00  |              0.00  |              0.00  |              0.00  |                0.00  |
--------------------------------------------------------------------------------------------------------------------------------------------------------------------------------------------------------------------------------------------------------------------------------------------------------------------------
|     | รวม คพจ.2 (แผน 3)                                             |      363,480,875.18  |      362,144,320.08  |        1,336,555.10  |          804,608.00  |          531,947.10  |              0.00  |              0.00  |        531,947.10  |        459,654.00  |              0.00  |           72,293.10  |
--------------------------------------------------------------------------------------------------------------------------------------------------------------------------------------------------------------------------------------------------------------------------------------------------------------------------
| 11  | คพจ.2 (แผน 4)                      |                          |                      |                      |                      |                      |                      |                    |                    |                    |                    |                    |                      |
|     | พัสดุขาดแคลนอนุมัติหลังต.ค.66      | P-TDD02.4-D-AEDBG.1000   |            1,060.00  |                0.00  |            1,060.00  |                0.00  |            1,060.00  |              0.00  |              0.00  |          1,060.00  |              0.00  |              0.00  |            1,060.00  |
|     |                                    | P-TDD02.4-D-UDNBG.1000   |        4,058,606.00  |        3,004,670.00  |        1,053,936.00  |          531,936.00  |          522,000.00  |              0.00  |              0.00  |        522,000.00  |        514,900.00  |              0.00  |            7,100.00  |
|     |                                    | P-TDD02.4-D-NKYBG.1000   |        4,867,236.00  |        3,679,692.00  |        1,187,544.00  |        1,187,544.00  |                0.00  |              0.00  |              0.00  |              0.00  |              0.00  |              0.00  |                0.00  |
|     |                                    | P-TDD02.4-D-KKNBG.1000   |        3,527,916.00  |        2,623,620.00  |          904,296.00  |          904,296.00  |                0.00  |              0.00  |              0.00  |              0.00  |              0.00  |              0.00  |                0.00  |
|     |                                    | P-TDD02.4-D-LOEBG.1000   |        4,025,358.00  |        2,755,710.00  |        1,269,648.00  |        1,269,648.00  |                0.00  |              0.00  |              0.00  |              0.00  |              0.00  |              0.00  |                0.00  |
|     |                                    | P-TDD02.4-D-SKKBG.1000   |        1,800,338.00  |        1,091,570.00  |          708,768.00  |          708,768.00  |                0.00  |              0.00  |              0.00  |              0.00  |              0.00  |              0.00  |                0.00  |
|     |                                    | P-TDD02.4-D-NPNBG.1000   |        4,697,690.00  |        4,241,978.00  |          455,712.00  |          455,712.00  |                0.00  |              0.00  |              0.00  |              0.00  |              0.00  |              0.00  |                0.00  |
|     |                                    | P-TDD02.4-D-CMPBG.1000   |        2,282,696.00  |        1,366,760.00  |          915,936.00  |          915,936.00  |                0.00  |              0.00  |              0.00  |              0.00  |              0.00  |              0.00  |                0.00  |
|     |                                    | P-TDD02.4-D-KWPBG.1000   |        3,180,286.00  |        2,575,990.00  |          604,296.00  |          604,296.00  |                0.00  |              0.00  |              0.00  |              0.00  |              0.00  |              0.00  |                0.00  |
|     |                                    | P-TDD02.4-D-NHNBG.1000   |        2,106,412.00  |        1,444,588.00  |          661,824.00  |          661,824.00  |                0.00  |              0.00  |              0.00  |              0.00  |              0.00  |              0.00  |                0.00  |
|     |                                    | P-TDD02.4-D-PKNBG.1000   |        3,734,393.00  |        3,371,153.00  |          363,240.00  |          363,240.00  |                0.00  |              0.00  |              0.00  |              0.00  |              0.00  |              0.00  |                0.00  |
|     |                                    | P-TDD02.4-D-NBPBG.1000   |        4,521,833.00  |        3,952,121.00  |          569,712.00  |          569,712.00  |                0.00  |              0.00  |              0.00  |              0.00  |              0.00  |              0.00  |                0.00  |
|     |                                    | P-TDD02.4-D-BPIBG.1000   |        3,495,572.00  |        2,934,332.00  |          561,240.00  |          561,240.00  |                0.00  |              0.00  |              0.00  |              0.00  |              0.00  |              0.00  |                0.00  |
|     |                                    | P-TDD02.4-D-BKABG.1000   |        2,031,608.00  |        1,590,080.00  |          441,528.00  |          441,528.00  |                0.00  |              0.00  |              0.00  |              0.00  |              0.00  |              0.00  |                0.00  |
|     |                                    | P-TDD02.4-D-KK2BG.1000   |        3,232,834.00  |        2,394,538.00  |          838,296.00  |          838,296.00  |                0.00  |              0.00  |              0.00  |              0.00  |              0.00  |              0.00  |                0.00  |
|     |                                    | P-TDD02.4-D-UD2BG.1000   |        4,727,882.00  |        3,673,946.00  |        1,053,936.00  |        1,053,936.00  |                0.00  |              0.00  |              0.00  |              0.00  |              0.00  |              0.00  |                0.00  |
|     |                                    | P-TDD02.4-D-SDDBG.1000   |        2,707,620.00  |        2,344,380.00  |          363,240.00  |          363,240.00  |                0.00  |              0.00  |              0.00  |              0.00  |              0.00  |              0.00  |                0.00  |
|     |                                    | P-TDD02.4-D-WSPBG.1000   |        1,056,848.00  |                0.00  |        1,056,848.00  |        1,056,513.00  |              335.00  |              0.00  |              0.00  |            335.00  |              0.00  |              0.00  |              335.00  |
|     |                                    | P-TDD02.4-D-IMDBG.1000   |        6,990,000.00  |                0.00  |        6,990,000.00  |                0.00  |        6,990,000.00  |              0.00  |              0.00  |      6,990,000.00  |              0.00  |      6,804,000.00  |          186,000.00  |
ผู้ใช้    : E1NPNWSL01                                                                                                                              การไฟฟ้าส่วนภูมิภาค                                                                                                                              วันที่   : 01.07.2026
ไคลเอนท์  : PED-400                                                                                    รายงานผลการเบิกจ่ายการจัดซื้อพัสดุประเภทต่างๆงบลงทุนที่ทำเป็นโครงการ (งบ P-ควบคุมงบประมาณโดยรวม) ประจำเดือน ธ.ค. ปี 2569                                                                      เวลา     : 09:25:19
โปรแกรม   : ZBUDR085                                                                                                                   เขต การไฟฟ้าเขตภาคตะวันออกเฉียงเหนือ 1 อุดรธานี                                                                                                               หน้าที่  : 12
--------------------------------------------------------------------------------------------------------------------------------------------------------------------------------------------------------------------------------------------------------------------------------------------------------------------------

--------------------------------------------------------------------------------------------------------------------------------------------------------------------------------------------------------------------------------------------------------------------------------------------------------------------------
|                  รายการ                  |           WBS            |    วงเงินงบประมาณ    | จ่ายจริงถึง 31 ธ.ค.  |  วงเงินคงเหลือยกมา/  | จ่ายจริงสะสม สิ้นสุด |    วงเงินคงเหลือ     |                                     อยู่ระหว่างดำเนินการ (คงเหลือ)                                     |    วงเงินคงเหลือ     |
|                                          |                          |                      |                      |                      |                      |                      |---------------------------------------------------------------------------------------------------------                      |
|                                          |                          |       ตั้งต้น        |         2568         | ที่ได้รับจัดสรรในปี  |     ณ ธ.ค. 2569      |                      |         IR         |         GR         | วงเงินผูกพันใน SAP |         PO         |         PR         |   ยังไม่ดำเนินการ    |
|                                          |                          |         (1)          |         (2)          |     (3)=(1)-(2)      |         (4)          |     (5)=(3)-(4)      |        (6)         |        (7)         |  (8)=(5)-(6)-(7)   |        (9)         |        (10)        |  (11)=(8)-(9)-(10)   |
--------------------------------------------------------------------------------------------------------------------------------------------------------------------------------------------------------------------------------------------------------------------------------------------------------------------------
--------------------------------------------------------------------------------------------------------------------------------------------------------------------------------------------------------------------------------------------------------------------------------------------------------------------------
|     | รวม พัสดุขาดแคลนอนุมัติหลังต.ค.66                             |       63,046,188.00  |       43,045,128.00  |       20,001,060.00  |       12,487,665.00  |        7,513,395.00  |              0.00  |              0.00  |      7,513,395.00  |        514,900.00  |      6,804,000.00  |          194,495.00  |
--------------------------------------------------------------------------------------------------------------------------------------------------------------------------------------------------------------------------------------------------------------------------------------------------------------------------
|     | จัดซื้อพัสดุรอง ปี 2563            | P-TDD02.4-D-POP63.6000   |                0.00  |                0.00  |                0.00  |                0.00  |                0.00  |              0.00  |              0.00  |              0.00  |              0.00  |              0.00  |                0.00  |
|     |                                    | P-TDD02.4-D-ACT63.6000   |        6,155,072.15  |        6,155,072.15  |                0.00  |                0.00  |                0.00  |              0.00  |              0.00  |              0.00  |              0.00  |              0.00  |                0.00  |
--------------------------------------------------------------------------------------------------------------------------------------------------------------------------------------------------------------------------------------------------------------------------------------------------------------------------
|     | รวม จัดซื้อพัสดุรอง ปี 2563                                   |        6,155,072.15  |        6,155,072.15  |                0.00  |                0.00  |                0.00  |              0.00  |              0.00  |              0.00  |              0.00  |              0.00  |                0.00  |
--------------------------------------------------------------------------------------------------------------------------------------------------------------------------------------------------------------------------------------------------------------------------------------------------------------------------
|     | จัดซื้อพัสดุรอง ปี 2564            | P-TDD02.4-D-POP64.6000   |                0.00  |                0.00  |                0.00  |                0.00  |                0.00  |              0.00  |              0.00  |              0.00  |              0.00  |              0.00  |                0.00  |
|     |                                    | P-TDD02.4-D-ACT64.6000   |       30,816,085.39  |       30,816,085.39  |                0.00  |                0.00  |                0.00  |              0.00  |              0.00  |              0.00  |              0.00  |              0.00  |                0.00  |
--------------------------------------------------------------------------------------------------------------------------------------------------------------------------------------------------------------------------------------------------------------------------------------------------------------------------
|     | รวม จัดซื้อพัสดุรอง ปี 2564                                   |       30,816,085.39  |       30,816,085.39  |                0.00  |                0.00  |                0.00  |              0.00  |              0.00  |              0.00  |              0.00  |              0.00  |                0.00  |
--------------------------------------------------------------------------------------------------------------------------------------------------------------------------------------------------------------------------------------------------------------------------------------------------------------------------
|     | พัสดุขาดแคลนอนุมัติก่อนต.ค.66      | P-TDD02.4-D-POPBG.1000   |                0.00  |                0.00  |                0.00  |                0.00  |                0.00  |              0.00  |              0.00  |              0.00  |              0.00  |              0.00  |                0.00  |
|     |                                    | P-TDD02.4-D-UDNXX.1000   |       12,345,900.00  |       12,345,900.00  |                0.00  |                0.00  |                0.00  |              0.00  |              0.00  |              0.00  |              0.00  |              0.00  |                0.00  |
|     |                                    | P-TDD02.4-D-NKYXX.1000   |       11,322,200.00  |       11,322,200.00  |                0.00  |                0.00  |                0.00  |              0.00  |              0.00  |              0.00  |              0.00  |              0.00  |                0.00  |
|     |                                    | P-TDD02.4-D-KKNXX.1000   |        9,711,710.00  |        9,711,710.00  |                0.00  |                0.00  |                0.00  |              0.00  |              0.00  |              0.00  |              0.00  |              0.00  |                0.00  |
|     |                                    | P-TDD02.4-D-LOEXX.1000   |       12,635,474.25  |       12,635,474.25  |                0.00  |                0.00  |                0.00  |              0.00  |              0.00  |              0.00  |              0.00  |              0.00  |                0.00  |
|     |                                    | P-TDD02.4-D-SKKXX.1000   |       13,459,250.00  |       13,459,250.00  |                0.00  |                0.00  |                0.00  |              0.00  |              0.00  |              0.00  |              0.00  |              0.00  |                0.00  |
|     |                                    | P-TDD02.4-D-NPNXX.1000   |       12,013,470.00  |       12,013,470.00  |                0.00  |                0.00  |                0.00  |              0.00  |              0.00  |              0.00  |              0.00  |              0.00  |                0.00  |
|     |                                    | P-TDD02.4-D-CMPXX.1000   |        5,243,220.00  |        5,243,220.00  |                0.00  |                0.00  |                0.00  |              0.00  |              0.00  |              0.00  |              0.00  |              0.00  |                0.00  |
|     |                                    | P-TDD02.4-D-KWPXX.1000   |        6,450,720.00  |        6,450,720.00  |                0.00  |                0.00  |                0.00  |              0.00  |              0.00  |              0.00  |              0.00  |              0.00  |                0.00  |
|     |                                    | P-TDD02.4-D-NHNXX.1000   |        8,586,718.00  |        8,586,718.00  |                0.00  |                0.00  |                0.00  |              0.00  |              0.00  |              0.00  |              0.00  |              0.00  |                0.00  |
|     |                                    | P-TDD02.4-D-PKNXX.1000   |        6,364,100.00  |        6,364,100.00  |                0.00  |                0.00  |                0.00  |              0.00  |              0.00  |              0.00  |              0.00  |              0.00  |                0.00  |
|     |                                    | P-TDD02.4-D-NBPXX.1000   |        8,239,656.00  |        8,239,656.00  |                0.00  |                0.00  |                0.00  |              0.00  |              0.00  |              0.00  |              0.00  |              0.00  |                0.00  |
|     |                                    | P-TDD02.4-D-BPIXX.1000   |        9,656,590.00  |        9,656,590.00  |                0.00  |                0.00  |                0.00  |              0.00  |              0.00  |              0.00  |              0.00  |              0.00  |                0.00  |
|     |                                    | P-TDD02.4-D-BKAXX.1000   |       11,938,091.00  |       11,938,091.00  |                0.00  |                0.00  |                0.00  |              0.00  |              0.00  |              0.00  |              0.00  |              0.00  |                0.00  |
|     |                                    | P-TDD02.4-D-KK2XX.1000   |        8,490,140.00  |        8,490,140.00  |                0.00  |                0.00  |                0.00  |              0.00  |              0.00  |              0.00  |              0.00  |              0.00  |                0.00  |
|     |                                    | P-TDD02.4-D-UD2XX.1000   |       12,181,400.00  |       12,181,400.00  |                0.00  |                0.00  |                0.00  |              0.00  |              0.00  |              0.00  |              0.00  |              0.00  |                0.00  |
|     |                                    | P-TDD02.4-D-SDDXX.1000   |        5,659,258.00  |        5,659,258.00  |                0.00  |                0.00  |                0.00  |              0.00  |              0.00  |              0.00  |              0.00  |              0.00  |                0.00  |
--------------------------------------------------------------------------------------------------------------------------------------------------------------------------------------------------------------------------------------------------------------------------------------------------------------------------
|     | รวม พัสดุขาดแคลนอนุมัติก่อนต.ค.66                             |      154,297,897.25  |      154,297,897.25  |                0.00  |                0.00  |                0.00  |              0.00  |              0.00  |              0.00  |              0.00  |              0.00  |                0.00  |
--------------------------------------------------------------------------------------------------------------------------------------------------------------------------------------------------------------------------------------------------------------------------------------------------------------------------
|     | จัดซื้อผลิตภัณฑ์คอนกรีต            | P-TDD02.4-D-POPBG.2000   |                0.00  |                0.00  |                0.00  |                0.00  |                0.00  |              0.00  |              0.00  |              0.00  |              0.00  |              0.00  |                0.00  |
|     |                                    | P-TDD02.4-D-UDNXX.2000   |        1,043,850.00  |        1,043,850.00  |                0.00  |                0.00  |                0.00  |              0.00  |              0.00  |              0.00  |              0.00  |              0.00  |                0.00  |
|     |                                    | P-TDD02.4-D-NKYXX.2000   |          883,938.00  |          883,938.00  |                0.00  |                0.00  |                0.00  |              0.00  |              0.00  |              0.00  |              0.00  |              0.00  |                0.00  |
|     |                                    | P-TDD02.4-D-KKNXX.2000   |        1,012,590.00  |        1,012,590.00  |                0.00  |                0.00  |                0.00  |              0.00  |              0.00  |              0.00  |              0.00  |              0.00  |                0.00  |
|     |                                    | P-TDD02.4-D-LOEXX.2000   |          914,743.00  |          914,743.00  |                0.00  |                0.00  |                0.00  |              0.00  |              0.00  |              0.00  |              0.00  |              0.00  |                0.00  |
|     |                                    | P-TDD02.4-D-SKKXX.2000   |        1,120,510.00  |        1,120,510.00  |                0.00  |                0.00  |                0.00  |              0.00  |              0.00  |              0.00  |              0.00  |              0.00  |                0.00  |
|     |                                    | P-TDD02.4-D-NPNXX.2000   |          537,050.00  |          537,050.00  |                0.00  |                0.00  |                0.00  |              0.00  |              0.00  |              0.00  |              0.00  |              0.00  |                0.00  |
|     |                                    | P-TDD02.4-D-CMPXX.2000   |        1,378,570.00  |        1,378,570.00  |                0.00  |                0.00  |                0.00  |              0.00  |              0.00  |              0.00  |              0.00  |              0.00  |                0.00  |
|     |                                    | P-TDD02.4-D-KWPXX.2000   |          459,000.00  |          459,000.00  |                0.00  |                0.00  |                0.00  |              0.00  |              0.00  |              0.00  |              0.00  |              0.00  |                0.00  |
|     |                                    | P-TDD02.4-D-NHNXX.2000   |          605,850.00  |          605,850.00  |                0.00  |                0.00  |                0.00  |              0.00  |              0.00  |              0.00  |              0.00  |              0.00  |                0.00  |
|     |                                    | P-TDD02.4-D-PKNXX.2000   |          467,000.00  |          467,000.00  |                0.00  |                0.00  |                0.00  |              0.00  |              0.00  |              0.00  |              0.00  |              0.00  |                0.00  |
|     |                                    | P-TDD02.4-D-NBPXX.2000   |        1,264,040.00  |        1,264,040.00  |                0.00  |                0.00  |                0.00  |              0.00  |              0.00  |              0.00  |              0.00  |              0.00  |                0.00  |
|     |                                    | P-TDD02.4-D-BPIXX.2000   |        1,487,960.00  |        1,487,960.00  |                0.00  |                0.00  |                0.00  |              0.00  |              0.00  |              0.00  |              0.00  |              0.00  |                0.00  |
|     |                                    | P-TDD02.4-D-BKAXX.2000   |          838,578.00  |          838,578.00  |                0.00  |                0.00  |                0.00  |              0.00  |              0.00  |              0.00  |              0.00  |              0.00  |                0.00  |
|     |                                    | P-TDD02.4-D-KK2XX.2000   |          890,442.00  |          890,442.00  |                0.00  |                0.00  |                0.00  |              0.00  |              0.00  |              0.00  |              0.00  |              0.00  |                0.00  |
|     |                                    | P-TDD02.4-D-UD2XX.2000   |          424,700.00  |          424,700.00  |                0.00  |                0.00  |                0.00  |              0.00  |              0.00  |              0.00  |              0.00  |              0.00  |                0.00  |
|     |                                    | P-TDD02.4-D-SDDXX.2000   |          467,000.00  |          467,000.00  |                0.00  |                0.00  |                0.00  |              0.00  |              0.00  |              0.00  |              0.00  |              0.00  |                0.00  |
|     |                                    | P-TDD02.4-D-ACTXX.2000   |          806,255.00  |          806,255.00  |                0.00  |                0.00  |                0.00  |              0.00  |              0.00  |              0.00  |              0.00  |              0.00  |                0.00  |
|     |                                    | P-TDD02.4-D-ACT64.2000   |       24,654,895.00  |       24,654,895.00  |                0.00  |                0.00  |                0.00  |              0.00  |              0.00  |              0.00  |              0.00  |              0.00  |                0.00  |
|     |                                    | P-TDD02.4-D-ACT65.2000   |       36,743,731.83  |       36,743,731.83  |                0.00  |                0.00  |                0.00  |              0.00  |              0.00  |              0.00  |              0.00  |              0.00  |                0.00  |
--------------------------------------------------------------------------------------------------------------------------------------------------------------------------------------------------------------------------------------------------------------------------------------------------------------------------
ผู้ใช้    : E1NPNWSL01                                                                                                                              การไฟฟ้าส่วนภูมิภาค                                                                                                                              วันที่   : 01.07.2026
ไคลเอนท์  : PED-400                                                                                    รายงานผลการเบิกจ่ายการจัดซื้อพัสดุประเภทต่างๆงบลงทุนที่ทำเป็นโครงการ (งบ P-ควบคุมงบประมาณโดยรวม) ประจำเดือน ธ.ค. ปี 2569                                                                      เวลา     : 09:25:19
โปรแกรม   : ZBUDR085                                                                                                                   เขต การไฟฟ้าเขตภาคตะวันออกเฉียงเหนือ 1 อุดรธานี                                                                                                               หน้าที่  : 13
--------------------------------------------------------------------------------------------------------------------------------------------------------------------------------------------------------------------------------------------------------------------------------------------------------------------------

--------------------------------------------------------------------------------------------------------------------------------------------------------------------------------------------------------------------------------------------------------------------------------------------------------------------------
|                  รายการ                  |           WBS            |    วงเงินงบประมาณ    | จ่ายจริงถึง 31 ธ.ค.  |  วงเงินคงเหลือยกมา/  | จ่ายจริงสะสม สิ้นสุด |    วงเงินคงเหลือ     |                                     อยู่ระหว่างดำเนินการ (คงเหลือ)                                     |    วงเงินคงเหลือ     |
|                                          |                          |                      |                      |                      |                      |                      |---------------------------------------------------------------------------------------------------------                      |
|                                          |                          |       ตั้งต้น        |         2568         | ที่ได้รับจัดสรรในปี  |     ณ ธ.ค. 2569      |                      |         IR         |         GR         | วงเงินผูกพันใน SAP |         PO         |         PR         |   ยังไม่ดำเนินการ    |
|                                          |                          |         (1)          |         (2)          |     (3)=(1)-(2)      |         (4)          |     (5)=(3)-(4)      |        (6)         |        (7)         |  (8)=(5)-(6)-(7)   |        (9)         |        (10)        |  (11)=(8)-(9)-(10)   |
--------------------------------------------------------------------------------------------------------------------------------------------------------------------------------------------------------------------------------------------------------------------------------------------------------------------------
|     | รวม จัดซื้อผลิตภัณฑ์คอนกรีต                                   |       76,000,702.83  |       76,000,702.83  |                0.00  |                0.00  |                0.00  |              0.00  |              0.00  |              0.00  |              0.00  |              0.00  |                0.00  |
--------------------------------------------------------------------------------------------------------------------------------------------------------------------------------------------------------------------------------------------------------------------------------------------------------------------------
|     | จัดซื้อตาม ผอ.โครงการ อนุมัติ      | P-TDD02.4-D-POPXX.3000   |                0.00  |                0.00  |                0.00  |                0.00  |                0.00  |              0.00  |              0.00  |              0.00  |              0.00  |              0.00  |                0.00  |
|     |                                    | P-TDD02.4-D-NKYXX.3000   |        4,586,600.00  |        4,586,600.00  |                0.00  |                0.00  |                0.00  |              0.00  |              0.00  |              0.00  |              0.00  |              0.00  |                0.00  |
|     |                                    | P-TDD02.4-D-KKNXX.3000   |        3,992,500.00  |        3,992,500.00  |                0.00  |                0.00  |                0.00  |              0.00  |              0.00  |              0.00  |              0.00  |              0.00  |                0.00  |
|     |                                    | P-TDD02.4-D-LOEXX.3000   |        4,033,900.00  |        4,033,900.00  |                0.00  |                0.00  |                0.00  |              0.00  |              0.00  |              0.00  |              0.00  |              0.00  |                0.00  |
|     |                                    | P-TDD02.4-D-SKKXX.3000   |        3,281,900.00  |        3,281,900.00  |                0.00  |                0.00  |                0.00  |              0.00  |              0.00  |              0.00  |              0.00  |              0.00  |                0.00  |
|     |                                    | P-TDD02.4-D-NPNXX.3000   |        4,590,900.00  |        4,590,900.00  |                0.00  |                0.00  |                0.00  |              0.00  |              0.00  |              0.00  |              0.00  |              0.00  |                0.00  |
|     |                                    | P-TDD02.4-D-CMPXX.3000   |        3,139,800.00  |        3,139,800.00  |                0.00  |                0.00  |                0.00  |              0.00  |              0.00  |              0.00  |              0.00  |              0.00  |                0.00  |
|     |                                    | P-TDD02.4-D-KWPXX.3000   |        3,874,000.00  |        3,874,000.00  |                0.00  |                0.00  |                0.00  |              0.00  |              0.00  |              0.00  |              0.00  |              0.00  |                0.00  |
|     |                                    | P-TDD02.4-D-NHNXX.3000   |        4,281,500.00  |        4,281,500.00  |                0.00  |                0.00  |                0.00  |              0.00  |              0.00  |              0.00  |              0.00  |              0.00  |                0.00  |
|     |                                    | P-TDD02.4-D-PKNXX.3000   |        3,973,600.00  |        3,973,600.00  |                0.00  |                0.00  |                0.00  |              0.00  |              0.00  |              0.00  |              0.00  |              0.00  |                0.00  |
|     |                                    | P-TDD02.4-D-NBPXX.3000   |        4,029,798.00  |        4,029,798.00  |                0.00  |                0.00  |                0.00  |              0.00  |              0.00  |              0.00  |              0.00  |              0.00  |                0.00  |
|     |                                    | P-TDD02.4-D-BPIXX.3000   |        4,591,000.00  |        4,591,000.00  |                0.00  |                0.00  |                0.00  |              0.00  |              0.00  |              0.00  |              0.00  |              0.00  |                0.00  |
|     |                                    | P-TDD02.4-D-BKAXX.3000   |        4,349,700.00  |        4,349,700.00  |                0.00  |                0.00  |                0.00  |              0.00  |              0.00  |              0.00  |              0.00  |              0.00  |                0.00  |
|     |                                    | P-TDD02.4-D-KK2XX.3000   |        4,156,100.00  |        4,156,100.00  |                0.00  |                0.00  |                0.00  |              0.00  |              0.00  |              0.00  |              0.00  |              0.00  |                0.00  |
|     |                                    | P-TDD02.4-D-UD2XX.3000   |        4,787,000.00  |        4,787,000.00  |                0.00  |                0.00  |                0.00  |              0.00  |              0.00  |              0.00  |              0.00  |              0.00  |                0.00  |
|     |                                    | P-TDD02.4-D-SDDXX.3000   |        1,416,300.00  |        1,416,300.00  |                0.00  |                0.00  |                0.00  |              0.00  |              0.00  |              0.00  |              0.00  |              0.00  |                0.00  |
|     |                                    | P-TDD02.4-D-UDNXX.3000   |        3,150,000.00  |        3,150,000.00  |                0.00  |                0.00  |                0.00  |              0.00  |              0.00  |              0.00  |              0.00  |              0.00  |                0.00  |
--------------------------------------------------------------------------------------------------------------------------------------------------------------------------------------------------------------------------------------------------------------------------------------------------------------------------
|     | รวม จัดซื้อตาม ผอ.โครงการ อนุมัติ                             |       62,234,598.00  |       62,234,598.00  |                0.00  |                0.00  |                0.00  |              0.00  |              0.00  |              0.00  |              0.00  |              0.00  |                0.00  |
--------------------------------------------------------------------------------------------------------------------------------------------------------------------------------------------------------------------------------------------------------------------------------------------------------------------------
|     | รวม คพจ.2 (แผน 4)                                             |      392,550,543.62  |      372,549,483.62  |       20,001,060.00  |       12,487,665.00  |        7,513,395.00  |              0.00  |              0.00  |      7,513,395.00  |        514,900.00  |      6,804,000.00  |          194,495.00  |
--------------------------------------------------------------------------------------------------------------------------------------------------------------------------------------------------------------------------------------------------------------------------------------------------------------------------
| 12  | คฟม.3                              |                          |                      |                      |                      |                      |                      |                    |                    |                    |                    |                    |                      |
|     | จัดซื้อพัสดุขาดแคลน                | P-NHE03.0-D-AEDBG.1000   |                0.00  |                0.00  |                0.00  |                0.00  |                0.00  |              0.00  |              0.00  |              0.00  |              0.00  |              0.00  |                0.00  |
--------------------------------------------------------------------------------------------------------------------------------------------------------------------------------------------------------------------------------------------------------------------------------------------------------------------------
|     | รวม จัดซื้อพัสดุขาดแคลน                                       |                0.00  |                0.00  |                0.00  |                0.00  |                0.00  |              0.00  |              0.00  |              0.00  |              0.00  |              0.00  |                0.00  |
--------------------------------------------------------------------------------------------------------------------------------------------------------------------------------------------------------------------------------------------------------------------------------------------------------------------------
|     | จัดหาผลิตภัณฑ์คอนกรีต              | P-NHE03.0-D-AEDBG.2000   |       48,034,936.00  |                0.00  |       48,034,936.00  |                0.00  |       48,034,936.00  |              0.00  |              0.00  |     48,034,936.00  |              0.00  |              0.00  |       48,034,936.00  |
|     |                                    | P-NHE03.0-D-IMDXX.2000   |       12,033,570.00  |                0.00  |       12,033,570.00  |                0.00  |       12,033,570.00  |              0.00  |              0.00  |     12,033,570.00  |     12,033,570.00  |              0.00  |                0.00  |
|     |                                    | P-NHE03.0-D-IMD68.2000   |        6,446,834.00  |                0.00  |        6,446,834.00  |                0.00  |        6,446,834.00  |              0.00  |              0.00  |      6,446,834.00  |      6,446,834.00  |              0.00  |                0.00  |
--------------------------------------------------------------------------------------------------------------------------------------------------------------------------------------------------------------------------------------------------------------------------------------------------------------------------
|     | รวม จัดหาผลิตภัณฑ์คอนกรีต                                     |       66,515,340.00  |                0.00  |       66,515,340.00  |                0.00  |       66,515,340.00  |              0.00  |              0.00  |     66,515,340.00  |     18,480,404.00  |              0.00  |       48,034,936.00  |
--------------------------------------------------------------------------------------------------------------------------------------------------------------------------------------------------------------------------------------------------------------------------------------------------------------------------
|     | จัดซื้อพัสดุรอง                    | P-NHE03.0-D-AEDBG.6000   |               38.60  |                0.00  |               38.60  |                0.00  |               38.60  |              0.00  |              0.00  |             38.60  |              0.00  |              0.00  |               38.60  |
|     |                                    | P-NHE03.0-D-IMDXX.6000   |        6,129,000.00  |                0.00  |        6,129,000.00  |                0.00  |        6,129,000.00  |              0.00  |              0.00  |      6,129,000.00  |              0.00  |      6,129,000.00  |                0.00  |
--------------------------------------------------------------------------------------------------------------------------------------------------------------------------------------------------------------------------------------------------------------------------------------------------------------------------
|     | รวม จัดซื้อพัสดุรอง                                           |        6,129,038.60  |                0.00  |        6,129,038.60  |                0.00  |        6,129,038.60  |              0.00  |              0.00  |      6,129,038.60  |              0.00  |      6,129,000.00  |               38.60  |
--------------------------------------------------------------------------------------------------------------------------------------------------------------------------------------------------------------------------------------------------------------------------------------------------------------------------
|     | รวม คฟม.3                                                     |       72,644,378.60  |                0.00  |       72,644,378.60  |                0.00  |       72,644,378.60  |              0.00  |              0.00  |     72,644,378.60  |     18,480,404.00  |      6,129,000.00  |       48,034,974.60  |
--------------------------------------------------------------------------------------------------------------------------------------------------------------------------------------------------------------------------------------------------------------------------------------------------------------------------
|     | รวมทั้งสิ้น                                                   |    2,138,364,564.11  |    2,043,466,064.41  |       94,898,499.70  |       14,182,960.00  |       80,715,539.70  |              0.00  |              0.00  |     80,715,539.70  |     19,454,958.00  |     12,933,000.00  |       48,327,581.70  |
--------------------------------------------------------------------------------------------------------------------------------------------------------------------------------------------------------------------------------------------------------------------------------------------------------------------------


